,School Name,City,State,District Name,Model Selected,Award_Amount,Region
0,HOGARTH KINGEEKUK MEMORIAL SCHOOL,SAVOONGA,AK,BERING STRAIT SCHOOL DISTRICT,Transformation,471014,West
1,AKIACHAK SCHOOL,AKIACHAK,AK,YUPIIT SCHOOL DISTRICT,Transformation,520579,West
2,GAMBELL SCHOOL,GAMBELL,AK,BERING STRAIT SCHOOL DISTRICT,Transformation,449592,West
3,BURCHELL HIGH SCHOOL,WASILLA,AK,MATANUSKA-SUSITNA BOROUGH SCHOOL DISTRICT,Transformation,641184,West
4,AKIAK SCHOOL,AKIAK,AK,YUPIIT SCHOOL DISTRICT,Transformation,399686,West
5,MIDVALLEY HIGH,WASILLA,AK,MATANUSKA-SUSITNA BOROUGH SCHOOL DISTRICT,Restart,697703,West
6,TULUKSAK SCHOOL,TULUKSAK,AK,YUPIIT SCHOOL DISTRICT,Transformation,427658,West
7,CAPITOL HEIGHTS JR HIGH SCH,MONTGOMERY,AL,MONTGOMERY COUNTY,Transformation,110544,South
8,LOWNDES CO MIDDLE SCH,FORT DEPOSIT,AL,LOWNDES COUNTY,Transformation,12973,South
9,CENTRAL MIDDLE SCH,ROCKFORD,AL,COOSA COUNTY,Transformation,199828,South
10,BELLINGRATH JR HIGH SCH,MONTGOMERY,AL,MONTGOMERY COUNTY,Transformation,165903,South
11,HAYNEVILLE MIDDLE SCH,HAYNEVILLE,AL,LOWNDES COUNTY,Transformation,121657,South
12,SOUTHLAWN MIDDLE SCH,MONTGOMERY,AL,MONTGOMERY COUNTY,Transformation,914557,South
13,CONTINUOUS LEARNING CTR,MOBILE,AL,MOBILE COUNTY,Transformation,198953,South
14,JACKSON-STEELE ELEM SCH,HAYNEVILLE,AL,LOWNDES COUNTY,Transformation,118394,South
15,MCINTYRE MIDDLE SCH,MONTGOMERY,AL,MONTGOMERY COUNTY,Transformation,143238,South
16,JOHN ESSEX HIGH SCH,DEMOPOLIS,AL,MARENGO COUNTY,Transformation,151116,South
17,CALHOUN HIGH SCH,LETOHATCHEE,AL,LOWNDES COUNTY,Transformation,163619,South
18,OSCEOLA MIDDLE SCHOOL,OSCEOLA,AR,OSCEOLA SCHOOL DISTRICT,Transformation,665000,South
19,HALL HIGH SCHOOL,LITTLE ROCK,AR,LITTLE ROCK SCHOOL DISTRICT,Transformation,198728,South
20,ROSE CITY MIDDLE SCHOOL,NORTH LITTLE ROCK,AR,N. LITTLE ROCK SCHOOL DISTRICT,Transformation,991451,South
21,TRUSTY ELEMENTARY SCHOOL,FORT SMITH,AR,FORT SMITH SCHOOL DISTRICT,Transformation,990135,South
22,J.A. FAIR HIGH SCHOOL,LITTLE ROCK,AR,LITTLE ROCK SCHOOL DISTRICT,Transformation,197012,South
23,OSCEOLA HIGH SCHOOL,OSCEOLA,AR,OSCEOLA SCHOOL DISTRICT,Transformation,695000,South
24,CLOVERDALE MIDDLE SCHOOL,LITTLE ROCK,AR,LITTLE ROCK SCHOOL DISTRICT,Transformation,198783,South
25,GADSDEN ELEMENTARY SCHOOL,GADSDEN,AZ,GADSDEN ELEMENTARY DISTRICT,Transformation,847003,West
26,EAST VALLEY HIGH SCHOOL,MESA,AZ,LEGACY EDUCATION GROUP,Turnaround,381512,West
27,CRITTENTON YOUTH ACADEMY,PHOENIX,AZ,FLORENCE CRITTENTON SERVICES OF ARIZONA  INC.,Turnaround,915959,West
28,ALCHESAY HIGH SCHOOL,WHITERIVER,AZ,WHITERIVER UNIFIED DISTRICT,Transformation,812195,West
29,SAN CARLOS HIGH SCHOOL,SAN CARLOS,AZ,SAN CARLOS UNIFIED DISTRICT,Transformation,928654,West
30,PIMA PARTNERSHIP SCHOOL  THE,TUCSON,AZ,PIMA PREVENTION PARTNERSHIP DBA PIMA PARTNERSHIP SCHOOL  THE,Turnaround,818238,West
31,LA PUERTA HIGH SCHOOL,PHOENIX,AZ,OMEGA SCHOOLS D.B.A. OMEGA ACADEMY  INC.,Turnaround,634503,West
32,PROJECT MORE HIGH SCHOOL,TUCSON,AZ,TUCSON UNIFIED DISTRICT,Transformation,836556,West
33,PEACH SPRINGS SCHOOL,PEACH SPRINGS,AZ,PEACH SPRINGS UNIFIED DISTRICT,Transformation,880050,West
34,WHITE CONE HIGH SCHOOL,WHITE CONE,AZ,CEDAR UNIFIED DISTRICT,Transformation,728696,West
35,JAMES SANDOVAL PREPARATORY HIGH SCHOOL,PHOENIX,AZ,JAMES SANDOVAL PREPARATORY HIGH SCHOOL,Transformation,696668,West
36,SEVEN MILE SCHOOL,WHITERIVER,AZ,WHITERIVER UNIFIED DISTRICT,Transformation,826589,West
37,Rice Elementary School,San Carlos,AZ,San Carlos Unified District,Transformation,204246,West
38,HOWENSTINE HIGH SCHOOL,TUCSON,AZ,TUCSON UNIFIED DISTRICT,Transformation,760314,West
39,BABOQUIVARI HIGH SCHOOL,SELLS,AZ,INDIAN OASIS-BABOQUIVARI UNIFIED DISTRICT,Turnaround,558022,West
40,IMAGINE ELEMENTARY AT CAMELBACK,PHOENIX,AZ,IMAGINE CHARTER ELEMENTARY AT CAMELBACK  INC.,Turnaround,696520,West
41,MT TIPTON ELEMENTARY SCHOOL,DOLAN SPRINGS,AZ,KINGMAN UNIFIED SCHOOL DISTRICT,Transformation,565322,West
42,CANYON DAY JUNIOR HIGH SCHOOL,WHITERIVER,AZ,WHITERIVER UNIFIED DISTRICT,Transformation,599344,West
43,SELIGMAN HIGH SCHOOL,SELIGMAN,AZ,SELIGMAN UNIFIED DISTRICT,Turnaround,490954,West
44,FREMONT MIDDLE,POMONA,CA,POMONA UNIFIED,Transformation,174245,West
45,SIERRA INTERMEDIATE,SANTA ANA,CA,SANTA ANA UNIFIED,Transformation,181152,West
46,LONGWOOD ELEMENTARY,HAYWARD,CA,HAYWARD UNIFIED,Turnaround,162698,West
47,MCFARLAND HIGH,MCFARLAND,CA,MCFARLAND UNIFIED,Transformation,997852,West
48,PACIFIC HIGH,SAN BERNARDINO,CA,SAN BERNARDINO CITY UNIFIED,Transformation,10000,West
49,GREENFIELD ELEMENTARY,GREENFIELD,CA,GREENFIELD UNION ELEMENTARY,Transformation,743444,West
50,TUMBLEWEED ELEMENTARY,PALMDALE,CA,PALMDALE ELEMENTARY,Turnaround,179933,West
51,HILLSIDE ELEMENTARY,SAN LEANDRO,CA,SAN LORENZO UNIFIED,Transformation,530980,West
52,FLORENCE GRIFFITH JOYNER ELEMENTARY,LOS ANGELES,CA,LOS ANGELES UNIFIED,Restart,188694,West
53,SAN GORGONIO HIGH,SAN BERNARDINO,CA,SAN BERNARDINO CITY UNIFIED,Transformation,10000,West
54,FONTANA A. B. MILLER HIGH,FONTANA,CA,FONTANA UNIFIED,Transformation,10000,West
55,ELMHURST COMMUNITY PREP,OAKLAND,CA,OAKLAND UNIFIED,Transformation,121793,West
56,PAUL REVERE ELEMENTARY,SAN FRANCISCO,CA,SAN FRANCISCO UNIFIED,Transformation,181577,West
57,SAMUEL GOMPERS MIDDLE,LOS ANGELES,CA,LOS ANGELES UNIFIED,Restart,189201,West
58,DAVIDSON ELEMENTARY,SAN BERNARDINO,CA,SAN BERNARDINO CITY UNIFIED,Transformation,148577,West
59,PALM AVENUE ELEMENTARY,WASCO,CA,WASCO UNION ELEMENTARY,Transformation,148665,West
60,SHORE ACRES ELEMENTARY,BAY POINT,CA,MT. DIABLO UNIFIED,Transformation,12252,West
61,CESAR CHAVEZ ELEMENTARY,SAN FRANCISCO,CA,SAN FRANCISCO UNIFIED,Transformation,175737,West
62,BUTTONWILLOW ELEMENTARY,BUTTONWILLOW,CA,BUTTONWILLOW UNION ELEMENTARY,Transformation,559268,West
63,EDISON-RONALD MCNAIR INTERMEDIATE,EAST PALO ALTO,CA,RAVENSWOOD CITY ELEMENTARY,Turnaround,135806,West
64,CENTURY HIGH,SANTA ANA,CA,SANTA ANA UNIFIED,Transformation,197223,West
65,LAKESIDE ELEMENTARY,HANFORD,CA,LAKESIDE UNION ELEMENTARY,Transformation,913211,West
66,KING/CHAVEZ ARTS ACADEMY,SAN DIEGO,CA,SAN DIEGO UNIFIED,Transformation,102906,West
67,PHARIS F. FEDDE MIDDLE,HAWAIIAN GARDENS,CA,ABC UNIFIED,Transformation,10000,West
68,SEASIDE HIGH,SEASIDE,CA,MONTEREY PENINSULA UNIFIED,Turnaround,159471,West
69,ELLA ELEMENTARY,OLIVEHURST,CA,MARYSVILLE JOINT UNIFIED,Turnaround,180738,West
70,WILSON ELEMENTARY,SAN BERNARDINO,CA,SAN BERNARDINO CITY UNIFIED,Turnaround,925749,West
71,YOSEMITE MIDDLE,FRESNO,CA,FRESNO UNIFIED,Turnaround,173752,West
72,T. S. MACQUIDDY ELEMENTARY,WATSONVILLE,CA,PAJARO VALLEY UNIFIED,Transformation,577030,West
73,ENCINA PREPARATORY HIGH,SACRAMENTO,CA,SAN JUAN UNIFIED,Turnaround,102743,West
74,EDWIN MARKHAM MIDDLE,LOS ANGELES,CA,LOS ANGELES UNIFIED,Restart,185886,West
75,RIO VISTA ELEMENTARY,SAN BERNARDINO,CA,SAN BERNARDINO CITY UNIFIED,Transformation,142575,West
76,FELICITA ELEMENTARY,ESCONDIDO,CA,ESCONDIDO UNION,Turnaround,171031,West
77,UNITED FOR SUCCESS ACADEMY,OAKLAND,CA,OAKLAND UNIFIED,Transformation,128129,West
78,MISSION HIGH,SAN FRANCISCO,CA,SAN FRANCISCO UNIFIED,Transformation,201467,West
79,GARDENA SENIOR HIGH,GARDENA,CA,LOS ANGELES UNIFIED,Transformation,167368,West
80,BARTON ELEMENTARY,SAN BERNARDINO,CA,SAN BERNARDINO CITY UNIFIED,Turnaround,10000,West
81,ROSE FERRERO ELEMENTARY,SOLEDAD,CA,SOLEDAD UNIFIED,Turnaround,157616,West
82,GEORGE WASHINGTON CARVER ELEMENTARY,SAN FRANCISCO,CA,SAN FRANCISCO UNIFIED,Turnaround,158151,West
83,EASTSIDE HIGH,LANCASTER,CA,ANTELOPE VALLEY UNION HIGH,Transformation,10000,West
84,GLENBROOK MIDDLE,CONCORD,CA,MT. DIABLO UNIFIED,Transformation,584002,West
85,COSTANO ELEMENTARY,EAST PALO ALTO,CA,RAVENSWOOD CITY ELEMENTARY,Turnaround,135806,West
86,WILLARD INTERMEDIATE,SANTA ANA,CA,SANTA ANA UNIFIED,Transformation,181152,West
87,PESCADERO ELEMENTARY AND MIDDLE,PESCADERO,CA,LA HONDA-PESCADERO UNIFIED,Transformation,629711,West
88,BURBANK ELEMENTARY,SAN DIEGO,CA,SAN DIEGO UNIFIED,Transformation,116423,West
89,HIGHLANDS ACADEMY OF ARTS AND DESIGN,NORTH HIGHLANDS,CA,TWIN RIVERS UNIFIED,Transformation,184555,West
90,MARTIN LUTHER KING,SEASIDE,CA,MONTEREY PENINSULA UNIFIED,Turnaround,126595,West
91,BURBANK ELEMENTARY,HAYWARD,CA,HAYWARD UNIFIED,Transformation,158712,West
92,EMERSON MIDDLE,POMONA,CA,POMONA UNIFIED,Transformation,152096,West
93,SANTA ANA HIGH,SANTA ANA,CA,SANTA ANA UNIFIED,Transformation,197223,West
94,MAYWOOD ACADEMY HIGH,MAYWOOD,CA,LOS ANGELES UNIFIED,Transformation,187692,West
95,SHANDIN HILLS MIDDLE,SAN BERNARDINO,CA,SAN BERNARDINO CITY UNIFIED,Turnaround,10000,West
96,WEBSTER ELEMENTARY,FRESNO,CA,FRESNO UNIFIED,Turnaround,17325,West
97,HALL DISTRICT ELEMENTARY,WATSONVILLE,CA,PAJARO VALLEY UNIFIED,Transformation,630428,West
98,EVERETT MIDDLE,SAN FRANCISCO,CA,SAN FRANCISCO UNIFIED,Turnaround,140557,West
99,THOMAS JEFFERSON SENIOR HIGH,LOS ANGELES,CA,LOS ANGELES UNIFIED,Transformation,180068,West
100,MARSHALL ELEMENTARY,SAN BERNARDINO,CA,SAN BERNARDINO CITY UNIFIED,Turnaround,194293,West
101,SAN JUAN,SAN JUAN BAUTISTA,CA,AROMAS/SAN JUAN UNIFIED,Transformation,173426,West
102,WEST SHORES HIGH,SALTON CITY,CA,COACHELLA VALLEY UNIFIED,Turnaround,126036,West
103,EXPLORE MIDDLE,OAKLAND,CA,OAKLAND UNIFIED,Closure,49045,West
104,JOHN MUIR ELEMENTARY,SAN FRANCISCO,CA,SAN FRANCISCO UNIFIED,Turnaround,148146,West
105,LINCOLN ELEMENTARY,RICHMOND,CA,WEST CONTRA COSTA UNIFIED,Turnaround,122138,West
106,SEMITROPIC ELEMENTARY,WASCO,CA,SEMITROPIC ELEMENTARY,Transformation,133333,West
107,GEORGE WASHINGTON CARVER MIDDLE,LOS ANGELES,CA,LOS ANGELES UNIFIED,Restart,174824,West
108,BRYANT ELEMENTARY,SAN FRANCISCO,CA,SAN FRANCISCO UNIFIED,Turnaround,155171,West
109,LITTLEROCK HIGH,LITTLEROCK,CA,ANTELOPE VALLEY UNION HIGH,Transformation,17292,West
110,BEL AIR ELEMENTARY,BAY POINT,CA,MT. DIABLO UNIFIED,Transformation,144166,West
111,POMONA SENIOR HIGH,POMONA,CA,POMONA UNIFIED,Transformation,189832,West
112,VALLEY HIGH,SANTA ANA,CA,SANTA ANA UNIFIED,Transformation,197223,West
113,TENNYSON HIGH,HAYWARD,CA,HAYWARD UNIFIED,Transformation,179529,West
114,HIGHLAND ELEMENTARY,SEASIDE,CA,MONTEREY PENINSULA UNIFIED,Turnaround,126595,West
115,ARROYO VALLEY HIGH,SAN BERNARDINO,CA,SAN BERNARDINO CITY UNIFIED,Transformation,10000,West
116,VISTA VERDE MIDDLE,GREENFIELD,CA,GREENFIELD UNION ELEMENTARY,Transformation,806917,West
117,CACTUS MIDDLE,PALMDALE,CA,PALMDALE ELEMENTARY,Turnaround,184271,West
118,SADDLEBACK HIGH,SANTA ANA,CA,SANTA ANA UNIFIED,Transformation,197223,West
119,ROBERT LOUIS STEVENSON MIDDLE,LOS ANGELES,CA,LOS ANGELES UNIFIED,Restart,189229,West
120,SERRANO MIDDLE,HIGHLAND,CA,SAN BERNARDINO CITY UNIFIED,Turnaround,179747,West
121,CARVER ACADEMY,FRESNO,CA,FRESNO UNIFIED,Turnaround,105245,West
122,CALABASAS ELEMENTARY,WATSONVILLE,CA,PAJARO VALLEY UNIFIED,Transformation,631759,West
123,JOHN O'CONNELL ALTERNATIVE HIGH,SAN FRANCISCO,CA,SAN FRANCISCO UNIFIED,Transformation,163043,West
124,HILLCREST DRIVE ELEMENTARY,LOS ANGELES,CA,LOS ANGELES UNIFIED,Transformation,189181,West
125,HUNT ELEMENTARY,SAN BERNARDINO,CA,SAN BERNARDINO CITY UNIFIED,Turnaround,140097,West
126,RIVERSIDE COUNTY COMMUNITY,RIVERSIDE,CA,RIVERSIDE COUNTY OFFICE OF EDUCATION,Transformation,141497,West
127,CHUALAR ELEMENTARY,CHUALAR,CA,CHUALAR UNION ELEMENTARY,Transformation,233414,West
128,RIO VISTA ELEMENTARY,BAY POINT,CA,MT. DIABLO UNIFIED,Transformation,443230,West
129,HORACE MANN MIDDLE,SAN FRANCISCO,CA,SAN FRANCISCO UNIFIED,Transformation,125599,West
130,STANFORD NEW SCHOOL,MENLO PARK,CA,RAVENSWOOD CITY ELEMENTARY,Transformation,105585,West
131,CESAR ESTRADA CHAVEZ DUAL LANGUAGE IMMERSION CHART,SANTA BARBARA,CA,SANTA BARBARA ELEMENTARY,Transformation,388816,West
132,JEFFERSON ELEMENTARY,LINDSAY,CA,LINDSAY UNIFIED,Turnaround,108247,West
133,"BROWN, JR., (WILLIE L.) ELEMENTARY",SAN FRANCISCO,CA,SAN FRANCISCO UNIFIED,Closure,50000,West
134,NORTE VISTA HIGH,RIVERSIDE,CA,ALVORD UNIFIED,Turnaround,187562,West
135,MARCH MOUNTAIN HIGH,MORENO VALLEY,CA,MORENO VALLEY UNIFIED,Transformation,481154,West
136,NORTH HIGH SCHOOL,DENVER,CO,SCHOOL DISTRICT NO. 1 IN THE COUNTY OF DENVER AND STATE OF C,Transformation,924081,West
137,HASKIN ELEMENTARY SCHOOL,CENTER,CO,"CENTER CONSOLIDATED SCHOOL DISTRICT NO. 26 JT., OF THE COUNT",Transformation,539797,West
138,RONCALLI MIDDLE SCHOOL,PUEBLO,CO,"PUEBLO, SCHOOL DISTRICT NO. 60, IN THE COUNTY OF PUEBLO AND",Transformation,674025,West
139,CENTRAL HIGH SCHOOL,PUEBLO,CO,"PUEBLO, SCHOOL DISTRICT NO. 60, IN THE COUNTY OF PUEBLO AND",Transformation,852911,West
140,MONTBELLO HIGH SCHOOL,DENVER,CO,SCHOOL DISTRICT NO. 1 IN THE COUNTY OF DENVER AND STATE OF C,Transformation,100778,West
141,LAKE MIDDLE SCHOOL,DENVER,CO,SCHOOL DISTRICT NO. 1 IN THE COUNTY OF DENVER AND STATE OF C,Restart,619609,West
142,HANSON ELEMENTARY SCHOOL,COMMERCE CITY,CO,SCHOOL DISTRICT N. 14 IN THE COUNTY OF ADAMS & STATE OF COLO,Transformation,641451,West
143,LEMUEL PITTS MIDDLE SCHOOL,PUEBLO,CO,"PUEBLO, SCHOOL DISTRICT NO. 60, IN THE COUNTY OF PUEBLO AND",Turnaround,622865,West
144,CLIFTON ELEMENTARY SCHOOL,CLIFTON,CO,MESA COUNTY VALLEY SCHOOL DISTRICT NO. 51,Transformation,821295,West
145,RISHEL MIDDLE SCHOOL,DENVER,CO,SCHOOL DISTRICT NO. 1 IN THE COUNTY OF DENVER AND STATE OF C,Closure,13729,West
146,GREENLEE K-8 SCHOOL,DENVER,CO,SCHOOL DISTRICT NO. 1 IN THE COUNTY OF DENVER AND STATE OF C,Turnaround,671148,West
147,FORT LOGAN ELEMENTARY SCHOOL,ENGLEWOOD,CO,SHERIDAN SCHOOL DISTRICT NO. 2,Turnaround,728445,West
148,JAMES H RISLEY MIDDLE SCHOOL,PUEBLO,CO,"PUEBLO, SCHOOL DISTRICT NO. 60, IN THE COUNTY OF PUEBLO AND",Turnaround,606822,West
149,SKYLAND COMMUNITY HIGH SCHOOL,DENVER,CO,SCHOOL DISTRICT NO. 1 IN THE COUNTY OF DENVER AND STATE OF C,Closure,31935,West
150,PHILIPS ELEMENTARY SCHOOL,DENVER,CO,SCHOOL DISTRICT NO. 1 IN THE COUNTY OF DENVER AND STATE OF C,Closure,32491,West
151,GILPIN K-8 SCHOOL,DENVER,CO,SCHOOL DISTRICT NO. 1 IN THE COUNTY OF DENVER AND STATE OF C,Turnaround,374767,West
152,YOUTH & FAMILY ACADEMY CHARTER,PUEBLO,CO,"PUEBLO, SCHOOL DISTRICT NO. 60, IN THE COUNTY OF PUEBLO AND",Transformation,481016,West
153,FREED MIDDLE SCHOOL,PUEBLO,CO,"PUEBLO, SCHOOL DISTRICT NO. 60, IN THE COUNTY OF PUEBLO AND",Turnaround,595238,West
154,NOEL MIDDLE SCHOOL,DENVER,CO,SCHOOL DISTRICT NO. 1 IN THE COUNTY OF DENVER AND STATE OF C,Transformation,825829,West
155,BURNS SCHOOL,HARTFORD,CT,HARTFORD SCHOOL DISTRICT,Turnaround,430568,Northeast
156,BARNUM SCHOOL,BRIDGEPORT,CT,BRIDGEPORT SCHOOL DISTRICT,Transformation,500000,Northeast
157,KATHERINE BRENNAN SCHOOL,NEW HAVEN,CT,NEW HAVEN SCHOOL DISTRICT,Turnaround,590000,Northeast
158,DR. RAMON E. BETANCES SCHOOL,HARTFORD,CT,HARTFORD SCHOOL DISTRICT,Turnaround,400000,Northeast
159,STAMFORD ACADEMY,STAMFORD,CT,STAMFORD ACADEMY,Transformation,400000,Northeast
160,JAMES HILLHOUSE HIGH SCHOOL,NEW HAVEN,CT,NEW HAVEN SCHOOL DISTRICT,Transformation,700000,Northeast
161,MILNER SCHOOL,HARTFORD,CT,HARTFORD SCHOOL DISTRICT,Turnaround,430569,Northeast
162,HARDING HIGH SCHOOL,BRIDGEPORT,CT,BRIDGEPORT SCHOOL DISTRICT,Restart,800000,Northeast
163,NATCHAUG SCHOOL,WILLIMANTIC,CT,WINDHAM SCHOOL DISTRICT,Transformation,700000,Northeast
164,HILL CENTRAL MUSIC ACADEMY,NEW HAVEN,CT,NEW HAVEN SCHOOL DISTRICT,Turnaround,590000,Northeast
165,SAND SCHOOL,HARTFORD,CT,HARTFORD SCHOOL DISTRICT,Turnaround,400000,Northeast
166,BASSICK HIGH SCHOOL,BRIDGEPORT,CT,BRIDGEPORT SCHOOL DISTRICT,Transformation,700000,Northeast
167,WILBUR CROSS HIGH SCHOOL,NEW HAVEN,CT,NEW HAVEN SCHOOL DISTRICT,Transformation,700000,Northeast
168,SMALLEY ACADEMY,NEW BRITAIN,CT,NEW BRITAIN SCHOOL DISTRICT,Transformation,700000,Northeast
169,ANACOSTIA SHS,DISTRICT OF COLUMBIA,DC,DISTRICT OF COLUMBIA PUBLIC SCHOOLS,Restart,517340,
170,BROWNE EC,DISTRICT OF COLUMBIA,DC,DISTRICT OF COLUMBIA PUBLIC SCHOOLS,Transformation,445400,
171,DUNBAR SHS,DISTRICT OF COLUMBIA,DC,DISTRICT OF COLUMBIA PUBLIC SCHOOLS,Restart,517340,
172,HAMILTON CENTER SPEC ED AT HAMILTON SCHOOL,DISTRICT OF COLUMBIA,DC,DISTRICT OF COLUMBIA PUBLIC SCHOOLS,Turnaround,330050,
173,SPINGARN SHS,DISTRICT OF COLUMBIA,DC,DISTRICT OF COLUMBIA PUBLIC SCHOOLS,Transformation,619950,
174,EASTERN SHS,DISTRICT OF COLUMBIA,DC,DISTRICT OF COLUMBIA PUBLIC SCHOOLS,Turnaround,189350,
175,LUKE C. MOORE ACADEMY SHS,DISTRICT OF COLUMBIA,DC,DISTRICT OF COLUMBIA PUBLIC SCHOOLS,Turnaround,552658,
176,PROSPECT LC,DISTRICT OF COLUMBIA,DC,DISTRICT OF COLUMBIA PUBLIC SCHOOLS,Transformation,180700,
177,OPTIONS PCS,DISTRICT OF COLUMBIA,DC,OPTIONS PCS,Turnaround,541226,
178,KENILWORTH ES,DISTRICT OF COLUMBIA,DC,DISTRICT OF COLUMBIA PUBLIC SCHOOLS,Restart,305325,
179,SEAFORD SENIOR HIGH SCHOOL,SEAFORD,DE,SEAFORD SCHOOL DISTRICT,Transformation,630295,South
180,MOUNT PLEASANT HIGH SCHOOL,WILMINGTON,DE,BRANDYWINE SCHOOL DISTRICT,Transformation,672921,South
181,LITTLE RIVER ELEMENTARY SCHOOL,MIAMI,FL,DADE,Transformation,394739,South
182,HARDEE SENIOR HIGH SCHOOL,WAUCHULA,FL,HARDEE,Transformation,733198,South
183,MIAMI SOUTHRIDGE SENIOR HIGH,MIAMI,FL,DADE,Turnaround,115447,South
184,POINCIANA HIGH SCHOOL,KISSIMMEE,FL,OSCEOLA,Transformation,660025,South
185,EAST GADSDEN HIGH SCHOOL,HAVANA,FL,GADSDEN,Transformation,737977,South
186,COLUMBIA HIGH SCHOOL,LAKE CITY,FL,COLUMBIA,Transformation,759293,South
187,MIAMI JACKSON SENIOR HIGH SCHOOL,MIAMI,FL,DADE,Transformation,816787,South
188,MEMORIAL MIDDLE SCHOOL,ORLANDO,FL,ORANGE,Transformation,652558,South
189,LARKDALE ELEMENTARY SCHOOL,FORT LAUDERDALE,FL,BROWARD,Transformation,713746,South
190,EDWARD H. WHITE HIGH SCHOOL,JACKSONVILLE,FL,DUVAL,Transformation,759293,South
191,ST. JOHNS TECHNICAL HIGH SCHOOL,ST AUGUSTINE,FL,ST. JOHNS,Transformation,728868,South
192,HOMESTEAD SENIOR HIGH SCHOOL,HOMESTEAD,FL,DADE,Transformation,845263,South
193,LEESBURG HIGH SCHOOL,LEESBURG,FL,LAKE,Transformation,734298,South
194,CHARLES W. DUVAL ELEMENTARY SCHOOL,GAINESVILLE,FL,ALACHUA,Transformation,759293,South
195,SMART POPE LIVINGSTON ELEMENTARY,JACKSONVILLE,FL,DUVAL,Transformation,500000,South
196,DIXIE M. HOLLINS HIGH SCHOOL,ST PETERSBURG,FL,PINELLAS,Transformation,500000,South
197,DR. HENRY W. MACK/WEST LITTLE RIVER ELEMENTARY SCH,MIAMI,FL,DADE,Transformation,258108,South
198,CENTRAL HIGH SCHOOL,BROOKSVILLE,FL,HERNANDO,Transformation,737052,South
199,NORTH SHORE K-8,JACKSONVILLE,FL,DUVAL,Turnaround,711587,South
200,GLADES CENTRAL HIGH SCHOOL,BELLE GLADE,FL,PALM BEACH,Transformation,666136,South
201,NORTH MIAMI SENIOR HIGH SCHOOL,NORTH MIAMI,FL,DADE,Transformation,108015,South
202,GATEWAY HIGH SCHOOL,KISSIMMEE,FL,OSCEOLA,Transformation,660025,South
203,EDEN PARK ELEMENTARY SCHOOL,IMMOKALEE,FL,COLLIER,Transformation,617334,South
204,WEST GADSDEN HIGH SCHOOL,GREENSBORO,FL,GADSDEN,Transformation,737977,South
205,MIAMI EDISON SENIOR HIGH SCHOOL,MIAMI,FL,DADE,Turnaround,618351,South
206,MADISON COUNTY HIGH SCHOOL,MADISON,FL,MADISON,Transformation,515138,South
207,SUNLAND PARK ELEMENTARY SCHOOL,FORT LAUDERDALE,FL,BROWARD,Transformation,713746,South
208,NATHAN B. FORREST HIGH SCHOOL,JACKSONVILLE,FL,DUVAL,Transformation,759293,South
209,OSCAR J. POPE ELEMENTARY SCHOOL,LAKELAND,FL,POLK,Transformation,736088,South
210,NORTH MIAMI MIDDLE SCHOOL,NORTH MIAMI,FL,DADE,Transformation,440823,South
211,JEFFERSON COUNTY MIDDLE/HIGH SCHOOL,MONTICELLO,FL,JEFFERSON,Transformation,647552,South
212,LONG BRANCH ELEMENTARY SCHOOL,JACKSONVILLE,FL,DUVAL,Turnaround,500000,South
213,BOCA CIEGA HIGH SCHOOL,GULFPORT,FL,PINELLAS,Transformation,500000,South
214,PINE VILLA ELEMENTARY SCHOOL,MIAMI,FL,DADE,Transformation,267620,South
215,HERNANDO HIGH SCHOOL,BROOKSVILLE,FL,HERNANDO,Transformation,737052,South
216,ANDREW JACKSON HIGH SCHOOL,JACKSONVILLE,FL,DUVAL,Turnaround,636816,South
217,LAKE WORTH HIGH SCHOOL,LAKE WORTH,FL,PALM BEACH,Transformation,10496,South
218,HOLMES ELEMENTARY SCHOOL,MIAMI,FL,DADE,Transformation,276644,South
219,HAMILTON COUNTY HIGH SCHOOL,JASPER,FL,HAMILTON,Transformation,698427,South
220,OAK RIDGE HIGH SCHOOL,ORLANDO,FL,ORANGE,Transformation,652965,South
221,MIAMI NORTHWESTERN SENIOR HIGH,MIAMI,FL,DADE,Turnaround,796553,South
222,IMMOKALEE HIGH SCHOOL,IMMOKALEE,FL,COLLIER,Transformation,567148,South
223,WARRINGTON MIDDLE SCHOOL,PENSACOLA,FL,ESCAMBIA,Turnaround,759293,South
224,MIAMI CENTRAL SENIOR HIGH SCHOOL,MIAMI,FL,DADE,Turnaround,784700,South
225,WILLISTON HIGH SCHOOL,WILLISTON,FL,LEVY,Transformation,651787,South
226,MARJORIE KINNAN RAWLINGS ELEMENTARY SCHOOL,GAINESVILLE,FL,ALACHUA,Transformation,627776,South
227,WILLIAM M. RAINES HIGH SCHOOL,JACKSONVILLE,FL,DUVAL,Turnaround,676989,South
228,LAKEWOOD HIGH SCHOOL,ST PETERSBURG,FL,PINELLAS,Transformation,500000,South
229,MIAMI EDISON MIDDLE SCHOOL,MIAMI,FL,DADE,Turnaround,407497,South
230,MIDDLETON HIGH SCHOOL,TAMPA,FL,HILLSBOROUGH,Transformation,759293,South
231,JEAN RIBAULT HIGH SCHOOL,JACKSONVILLE,FL,DUVAL,Turnaround,713451,South
232,RIDGEWOOD HIGH SCHOOL,NEW PORT RICHEY,FL,PASCO,Transformation,759293,South
233,NORTH COUNTY ELEMENTARY SCHOOL,MIAMI GARDENS,FL,DADE,Turnaround,251911,South
234,CLEWISTON HIGH SCHOOL,CLEWISTON,FL,HENDRY,Transformation,759293,South
235,BOOKER T. WASHINGTON SENIOR HIGH,MIAMI,FL,DADE,Turnaround,644329,South
236,CELEBRATION HIGH SCHOOL,CELEBRATION,FL,OSCEOLA,Transformation,660025,South
237,FREDERICK R. DOUGLASS ELEMENTARY,MIAMI,FL,DADE,Turnaround,344819,South
238,CENTRAL HAMILTON ELEMENTARY SCHOOL,JASPER,FL,HAMILTON,Transformation,518789,South
239,EVANS HIGH SCHOOL,ORLANDO,FL,ORANGE,Transformation,652792,South
240,MIAMI NORLAND SENIOR HIGH SCHOOL,MIAMI,FL,DADE,Turnaround,742472,South
241,COCONUT CREEK HIGH SCHOOL,COCONUT CREEK,FL,BROWARD,Transformation,713746,South
242,A. PHILIP RANDOLPH ACADEMIES,JACKSONVILLE,FL,DUVAL,Transformation,697645,South
243,MIAMI CAROL CITY SENIOR HIGH,OPA-LOCKA,FL,DADE,Transformation,997322,South
244,AMOS P. GODBY HIGH SCHOOL,TALLAHASSEE,FL,LEON,Transformation,628602,South
245,HAWTHORNE MIDDLE/HIGH SCHOOL,HAWTHORNE,FL,ALACHUA,Transformation,635832,South
246,NORTHWESTERN MIDDLE SCHOOL,JACKSONVILLE,FL,DUVAL,Transformation,500000,South
247,GIBBS HIGH SCHOOL,ST PETERSBURG,FL,PINELLAS,Transformation,500000,South
248,CHARLES R. DREW MIDDLE SCHOOL,MIAMI,FL,DADE,Turnaround,369914,South
249,FRANKLIN MIDDLE MAGNET SCHOOL,TAMPA,FL,HILLSBOROUGH,Transformation,759293,South
250,PAXON MIDDLE SCHOOL,JACKSONVILLE,FL,DUVAL,Turnaround,633527,South
251,ROSENWALD ELEMENTARY SCHOOL,SOUTH BAY,FL,PALM BEACH,Transformation,506738,South
252,BURKE COUNTY HIGH SCHOOL,WAYNESBORO,GA,BURKE COUNTY,Transformation,115158,South
253,WILLIAM S. HUTCHINGS CAREER CENTER,MACON,GA,BIBB COUNTY,Transformation,955121,South
254,LANEY HIGH SCHOOL,AUGUSTA,GA,RICHMOND COUNTY,Turnaround,115976,South
255,CRIM HIGH SCHOOL,ATLANTA,GA,ATLANTA PUBLIC SCHOOLS,Transformation,11667,South
256,PEACH COUNTY HIGH SCHOOL,FORT VALLEY,GA,PEACH COUNTY,Transformation,185136,South
257,GRIFFIN HIGH SCHOOL,GRIFFIN,GA,SPALDING COUNTY,Transformation,144427,South
258,DADE COUNTY HIGH SCHOOL,TRENTON,GA,DADE COUNTY,Transformation,942738,South
259,GLENN HILLS HIGH SCHOOL,AUGUSTA,GA,RICHMOND COUNTY,Transformation,107896,South
260,DOUGLASS HIGH SCHOOL,ATLANTA,GA,ATLANTA PUBLIC SCHOOLS,Transformation,788579,South
261,JORDAN VOCATIONAL HIGH SCHOOL,COLUMBUS,GA,MUSCOGEE COUNTY,Transformation,146453,South
262,DOOLY COUNTY HIGH SCHOOL,VIENNA,GA,DOOLY COUNTY,Transformation,139306,South
263,BEACH HIGH SCHOOL,SAVANNAH,GA,CHATHAM COUNTY,Turnaround,122676,South
264,RIDGELAND HIGH SCHOOL,ROSSVILLE,GA,WALKER COUNTY,Transformation,147015,South
265,SOUTHWEST HIGH SCHOOL,MACON,GA,BIBB COUNTY,Transformation,119812,South
266,JOSEY HIGH SCHOOL,AUGUSTA,GA,RICHMOND COUNTY,Transformation,102187,South
267,GEORGIA SCHOOL FOR THE DEAF,CAVE SPRING,GA,STATE SCHOOLS,Transformation,101486,South
268,SPENCER HIGH SCHOOL,COLUMBUS,GA,MUSCOGEE COUNTY,Transformation,164154,South
269,MCNAIR HIGH SCHOOL,ATLANTA,GA,DEKALB COUNTY,Transformation,868746,South
270,TEMPLE HIGH SCHOOL,TEMPLE,GA,CARROLL COUNTY,Transformation,105401,South
271,RUTLAND HIGH SCHOOL,MACON,GA,BIBB COUNTY,Transformation,125013,South
272,STEWART-QUITMAN HIGH SCHOOL,LUMPKIN,GA,STEWART COUNTY,Transformation,688641,South
273,NORTHEAST HIGH SCHOOL,MACON,GA,BIBB COUNTY,Transformation,112362,South
274,HAWKINSVILLE HIGH SCHOOL,HAWKINSVILLE,GA,PULASKI COUNTY,Transformation,902342,South
275,ATLANTA AREA SCHOOL FOR THE DEAF,CLARKSTON,GA,STATE SCHOOLS,Transformation,663957,South
276,HENRY COUNTY HIGH SCHOOL,MCDONOUGH,GA,HENRY COUNTY,Transformation,140653,South
277,CLARKSTON HIGH SCHOOL,CLARKSTON,GA,DEKALB COUNTY,Transformation,876027,South
278,WEEKS MIDDLE SCHOOL,DES MOINES,IA,DES MOINES INDEPENDENT COMM SCHOOL DISTRICT,Transformation,10000,Midwest
279,NORTH HIGH SCHOOL,DES MOINES,IA,DES MOINES INDEPENDENT COMM SCHOOL DISTRICT,Transformation,10000,Midwest
281,HOYT MIDDLE SCHOOL,DES MOINES,IA,DES MOINES INDEPENDENT COMM SCHOOL DISTRICT,Transformation,10000,Midwest
282,JACK M LOGAN MIDDLE SCHOOL,WATERLOO,IA,WATERLOO COMM SCHOOL DISTRICT,Transformation,761197,Midwest
284,MURTAUGH MIDDLE SCHOOL,MURTAUGH,ID,MURTAUGH JOINT DISTRICT,Transformation,209893,West
289,JEFFERSON MIDDLE SCHOOL,CALDWELL,ID,CALDWELL DISTRICT,Transformation,286787,West
290,THORNWOOD HIGH SCHOOL,SOUTH HOLLAND,IL,THORNTON TWP HSD 205,Transformation,170473,Midwest
291,MANUAL HIGH SCHOOL,PEORIA,IL,PEORIA SD 150,Turnaround,122159,Midwest
292,MARSHALL METROPOLITAN HIGH SCHOOL,CHICAGO,IL,CITY OF CHICAGO SD 299,Turnaround,195114,Midwest
293,EGYPTIAN SR HIGH SCHOOL,TAMMS,IL,EGYPTIAN CUSD 5,Transformation,11848,Midwest
294,HARPER HIGH SCHOOL,CHICAGO,IL,CITY OF CHICAGO SD 299,Turnaround,198187,Midwest
295,THORNTON TOWNSHIP HIGH SCHOOL,HARVEY,IL,THORNTON TWP HSD 205,Transformation,170473,Midwest
296,DEPUE HIGH SCHOOL,DEPUE,IL,DEPUE USD 103,Transformation,793604,Midwest
297,FENGER ACADEMY HIGH SCHOOL,CHICAGO,IL,CITY OF CHICAGO SD 299,Turnaround,185042,Midwest
298,THORNRIDGE HIGH SCHOOL,DOLTON,IL,THORNTON TWP HSD 205,Transformation,170473,Midwest
299,PHILLIPS ACADEMY HIGH SCHOOL,CHICAGO,IL,CITY OF CHICAGO SD 299,Restart,179737,Midwest
300,BENDIX SCHOOL,SOUTH BEND,IN,SOUTH BEND COMMUNITY SCH CORP,Transformation,113677,Midwest
301,GLENWOOD MIDDLE SCHOOL,EVANSVILLE,IN,EVANSVILLE-VANDERBURGH SCH CORP,Transformation,199941,Midwest
302,GEORGE WASHINGTON COMMUNITY,INDIANAPOLIS,IN,INDIANAPOLIS PUBLIC SCHOOLS,Turnaround,198496,Midwest
303,INDIANAPOLIS METROPOLITAN HIGH SCH,INDIANAPOLIS,IN,INDIANAPOLIS METROPOLITAN HIGH SCH,Transformation,735737,Midwest
304,JOHN MARSHALL COMMUNITY HIGH SCH,INDIANAPOLIS,IN,INDIANAPOLIS PUBLIC SCHOOLS,Turnaround,191676,Midwest
305,THE CHALLENGE FOUNDATION ACADEMY,INDIANAPOLIS,IN,CHALLENGE FOUNDATION ACADEMY,Transformation,552282,Midwest
306,HAMMOND HIGH SCHOOL,HAMMOND,IN,SCHOOL CITY OF HAMMOND,Turnaround,199958,Midwest
307,EMERSON ELEM,KANSAS CITY,KS,KANSAS CITY,Turnaround,108003,Midwest
308,HIGHLAND PARK HIGH,TOPEKA,KS,TOPEKA PUBLIC SCHOOLS,Transformation,197018,Midwest
309,SOUTH EAST HIGH,CHEROKEE,KS,CHEROKEE,Transformation,764280,Midwest
310,LIBERAL  SOUTH MIDDLE,LIBERAL,KS,LIBERAL,Transformation,180378,Midwest
311,NORTHWEST MIDDLE,KANSAS CITY,KS,KANSAS CITY,Transformation,18984,Midwest
312,CURTIS MIDDLE SCHOOL,WICHITA,KS,WICHITA,Transformation,10000,Midwest
313,WESTERN MIDDLE SCHOOL,LOUISVILLE,KY,JEFFERSON COUNTY,Turnaround,429176,South
314,VALLEY TRADITIONAL HIGH SCHOOL,LOUISVILLE,KY,JEFFERSON COUNTY,Turnaround,588932,South
315,METCALFE COUNTY HIGH SCHOOL,EDMONTON,KY,METCALFE COUNTY,Transformation,433993,South
316,SHAWNEE HIGH SCHOOL MAGNET CAREER ACADEM,LOUISVILLE,KY,JEFFERSON COUNTY,Turnaround,437283,South
317,FERN CREEK TRADITIONAL HIGH SCHOOL,LOUISVILLE,KY,JEFFERSON COUNTY,Turnaround,559459,South
318,LESLIE COUNTY HIGH SCHOOL,HYDEN,KY,LESLIE COUNTY,Transformation,498795,South
319,ROBERT FROST MIDDLE SCHOOL,VALLEY STATION,KY,JEFFERSON COUNTY,Turnaround,437283,South
320,CAVERNA HIGH SCHOOL,HORSE CAVE,KY,CAVERNA INDEPENDENT,Transformation,395523,South
321,LAWRENCE COUNTY HIGH SCHOOL,LOUISA,KY,LAWRENCE COUNTY,Transformation,808211,South
322,WESTERN MST MAGNET HIGH SCHOOL,LOUISVILLE,KY,JEFFERSON COUNTY,Turnaround,437283,South
325,CHELSEA HIGH,CHELSEA,MA,CHELSEA,Transformation,748937,Northeast
326,THE ENGLISH HIGH,BOSTON,MA,BOSTON,Transformation,927362,Northeast
327,ELIHU GREENWOOD,HYDE PARK,MA,BOSTON,Transformation,427239,Northeast
328,ORCHARD GARDENS,ROXBURY,MA,BOSTON,Turnaround,110786,Northeast
329,PAUL A DEVER,DORCHESTER,MA,BOSTON,Turnaround,863413,Northeast
330,DEARBORN,ROXBURY,MA,BOSTON,Transformation,420721,Northeast
331,HARBOR SCHOOL,BOSTON,MA,BOSTON,Turnaround,586623,Northeast
332,JOHN P HOLLAND,DORCHESTER,MA,BOSTON,Transformation,918500,Northeast
333,BLACKSTONE,BOSTON,MA,BOSTON,Turnaround,743593,Northeast
334,M MARCUS KILEY MIDDLE,SPRINGFIELD,MA,SPRINGFIELD,Transformation,767986,Northeast
335,WILLIAM MONROE TROTTER,DORCHESTER,MA,BOSTON,Turnaround,518312,Northeast
336,JOHN F KENNEDY,JAMAICA PLAIN,MA,BOSTON,Transformation,407794,Northeast
337,THURGOOD MARSHALL MIDDLE SCHOOL,TEMPLE HILLS,MD,PRINCE GEORGE'S COUNTY PUBLIC SCHOOLS,Turnaround,773922,South
338,WILLIAM C. MARCH MIDDLE,BALTIMORE,MD,BALTIMORE CITY PUBLIC SCHOOLS,Restart,956457,South
339,CHINQUAPIN MIDDLE,BALTIMORE,MD,BALTIMORE CITY PUBLIC SCHOOLS,Restart,465091,South
340,BENJAMIN STODDERT MIDDLE,TEMPLE HILLS,MD,PRINCE GEORGE'S COUNTY PUBLIC SCHOOLS,Turnaround,773922,South
341,AUGUSTA FELLS SAVAGE INSTITUTE OF VISUAL ARTS,BALTIMORE,MD,BALTIMORE CITY PUBLIC SCHOOLS,Turnaround,128848,South
342,CALVERTON,BALTIMORE,MD,BALTIMORE CITY PUBLIC SCHOOLS,Restart,177759,South
343,G. JAMES GHOLSON MIDDLE,LANDOVER,MD,PRINCE GEORGE'S COUNTY PUBLIC SCHOOLS,Turnaround,831888,South
344,GARRISON MIDDLE,BALTIMORE,MD,BALTIMORE CITY PUBLIC SCHOOLS,Restart,120707,South
345,BOOKER T. WASHINGTON MIDDLE,BALTIMORE,MD,BALTIMORE CITY PUBLIC SCHOOLS,Turnaround,928355,South
346,DREW FREEMAN MIDDLE,SUITLAND,MD,PRINCE GEORGE'S COUNTY PUBLIC SCHOOLS,Turnaround,773922,South
347,COMMODORE JOHN ROGERS ELEMENTARY,BALTIMORE,MD,BALTIMORE CITY PUBLIC SCHOOLS,Restart,102706,South
354,LESSENGER ELEMENTARY-MIDDLE SCHOOL,DETROIT,MI,DETROIT CITY SCHOOL DISTRICT,Turnaround,148488,Midwest
355,E.A. JOHNSON MEMORIAL H.S.,MOUNT MORRIS,MI,MT. MORRIS CONSOLIDATED SCHOOLS,Transformation,679699,Midwest
356,BUCHANAN HIGH SCHOOL,BUCHANAN,MI,BUCHANAN COMMUNITY SCHOOLS,Transformation,121632,Midwest
357,WESTWOOD MIDDLE SCHOOL,GRAND RAPIDS,MI,GRAND RAPIDS PUBLIC SCHOOLS,Turnaround,171133,Midwest
358,ALGER MIDDLE SCHOOL,GRAND RAPIDS,MI,GRAND RAPIDS PUBLIC SCHOOLS,Turnaround,171133,Midwest
359,WALDRON MIDDLE SCHOOL,WALDRON,MI,WALDRON AREA SCHOOLS,Transformation,273500,Midwest
360,WHITE ELEMENTARY SCHOOL,HAMTRAMCK,MI,DETROIT CITY SCHOOL DISTRICT,Transformation,122853,Midwest
361,ARTHUR HILL HIGH SCHOOL,SAGINAW,MI,SAGINAW CITY SCHOOL DISTRICT,Transformation,164933,Midwest
362,MT. CLEMENS HIGH SCHOOL,MOUNT CLEMENS,MI,MT. CLEMENS COMMUNITY SCHOOL DISTRICT,Transformation,751945,Midwest
363,ADRIAN HIGH SCHOOL,ADRIAN,MI,ADRIAN CITY SCHOOL DISTRICT,Transformation,948838,Midwest
364,UNION HIGH SCHOOL,GRAND RAPIDS,MI,GRAND RAPIDS PUBLIC SCHOOLS,Transformation,190709,Midwest
365,LEE HIGH SCHOOL,WYOMING,MI,GODFREY-LEE PUBLIC SCHOOLS,Transformation,894861,Midwest
366,LINCOLN HIGH SCHOOL,WARREN,MI,VAN DYKE PUBLIC SCHOOLS,Transformation,416177,Midwest
367,SOUTHWESTERN HIGH SCHOOL,DETROIT,MI,DETROIT CITY SCHOOL DISTRICT,Turnaround,135109,Midwest
368,ROMULUS MIDDLE SCHOOL,ROMULUS,MI,ROMULUS COMMUNITY SCHOOLS,Transformation,199852,Midwest
369,FARWELL MIDDLE SCHOOL,DETROIT,MI,DETROIT CITY SCHOOL DISTRICT,Turnaround,602552,Midwest
370,INKSTER HIGH SCHOOL,INKSTER,MI,SCHOOL DISTRICT OF THE CITY OF INKSTER,Turnaround,16228,Midwest
371,WESTON PREPARATORY ACADEMY,DETROIT,MI,WESTON PREPARATORY ACADEMY,Transformation,704180,Midwest
372,OTTAWA HILLS HIGH SCHOOL,GRAND RAPIDS,MI,GRAND RAPIDS PUBLIC SCHOOLS,Transformation,190709,Midwest
373,FITZGERALD SENIOR HIGH SCHOOL,WARREN,MI,FITZGERALD PUBLIC SCHOOLS,Transformation,447461,Midwest
374,SPRINGPORT HIGH SCHOOL,SPRINGPORT,MI,SPRINGPORT PUBLIC SCHOOLS,Transformation,774100,Midwest
375,NOLAN ELEMENTARY SCHOOL,HIGHLAND PARK,MI,DETROIT CITY SCHOOL DISTRICT,Transformation,121554,Midwest
376,OAK PARK HIGH SCHOOL,OAK PARK,MI,OAK PARK CITY SCHOOL DISTRICT,Turnaround,196658,Midwest
377,BUENA VISTA HIGH SCHOOL,SAGINAW,MI,BUENA VISTA SCHOOL DISTRICT,Transformation,815637,Midwest
378,GRANT HIGH SCHOOL,GRANT,MI,GRANT PUBLIC SCHOOL DISTRICT,Transformation,552326,Midwest
379,GERALD R. FORD MIDDLE SCHOOL,GRAND RAPIDS,MI,GRAND RAPIDS PUBLIC SCHOOLS,Turnaround,144344,Midwest
380,PHOENIX ELEMENTARY,DETROIT,MI,DETROIT CITY SCHOOL DISTRICT,Turnaround,811102,Midwest
381,THOMPSON MIDDLE SCHOOL,SAGINAW,MI,SAGINAW CITY SCHOOL DISTRICT,Transformation,125917,Midwest
382,WELLSTONE INTERNATIONAL HIGH,MINNEAPOLIS,MN,MINNEAPOLIS PUBLIC SCHOOL DIST.,Transformation,528276,Midwest
383,EDISON SENIOR HIGH,MINNEAPOLIS,MN,MINNEAPOLIS PUBLIC SCHOOL DIST.,Turnaround,878276,Midwest
384,CASS LAKE-BENA SECONDARY,CASS LAKE,MN,CASS LAKE-BENA PUBLIC SCHOOLS,Transformation,529518,Midwest
385,MAXFIELD MAGNET ELEMENTARY,ST. PAUL,MN,ST. PAUL PUBLIC SCHOOL DISTRICT,Transformation,600000,Midwest
386,NORTH VIEW IB WORLD SCHOOL,BROOKLYN PARK,MN,OSSEO PUBLIC SCHOOL DISTRICT,Transformation,850000,Midwest
387,BETHUNE ELEMENTARY,MINNEAPOLIS,MN,MINNEAPOLIS PUBLIC SCHOOL DIST.,Transformation,528276,Midwest
388,BROOKLYN CENTER SECONDARY,BROOKLYN CENTER,MN,BROOKLYN CENTER SCHOOL DISTRICT,Transformation,700000,Midwest
389,HUMBOLDT SENIOR HIGH,ST. PAUL,MN,ST. PAUL PUBLIC SCHOOL DISTRICT,Turnaround,850000,Midwest
390,OGILVIE SECONDARY,OGILVIE,MN,OGILVIE PUBLIC SCHOOL DISTRICT,Transformation,561111,Midwest
391,BROADWAY ARTS & TECHNOLOGY,MINNEAPOLIS,MN,MINNEAPOLIS PUBLIC SCHOOL DIST.,Transformation,403276,Midwest
392,ISLE SECONDARY,ISLE,MN,ISLE PUBLIC SCHOOL DISTRICT,Transformation,500000,Midwest
393,BRAHAM AREA SECONDARY,BRAHAM,MN,BRAHAM PUBLIC SCHOOL DISTRICT,Transformation,658042,Midwest
394,RED LAKE SENIOR HIGH,RED LAKE,MN,RED LAKE PUBLIC SCHOOL DISTRICT,Transformation,561543,Midwest
395,HMONG INTERNATIONAL ACADEMY,MINNEAPOLIS,MN,MINNEAPOLIS PUBLIC SCHOOL DIST.,Transformation,528276,Midwest
396,LUCY LANEY @ CLEVELAND PARK ELEM.,MINNEAPOLIS,MN,MINNEAPOLIS PUBLIC SCHOOL DIST.,Turnaround,728276,Midwest
397,EAST CENTRAL SENIOR SECONDARY,FINLAYSON,MN,EAST CENTRAL SCHOOL DISTRICT,Transformation,500237,Midwest
398,WAUBUN SECONDARY,WAUBUN,MN,WAUBUN PUBLIC SCHOOL DISTRICT,Transformation,700000,Midwest
399,NEW VISIONS CHARTER SCHOOL,MINNEAPOLIS,MN,NEW VISIONS CHARTER SCHOOL,Transformation,556636,Midwest
400,PONEMAH ELEMENTARY,PONEMAH,MN,RED LAKE PUBLIC SCHOOL DISTRICT,Transformation,471654,Midwest
401,NORMANDY MIDDLE,ST LOUIS,MO,NORMANDY,Transformation,425300,Midwest
402,COLUMBIA ELEM. COMM. ED. CTR.,ST LOUIS,MO,ST. LOUIS CITY,Turnaround,356608,Midwest
403,CENTRAL HIGH,KANSAS CITY,MO,KANSAS CITY 33,Transformation,806900,Midwest
404,MANN ELEM.,ST LOUIS,MO,ST. LOUIS CITY,Turnaround,380419,Midwest
405,EAST MIDDLE,ST LOUIS,MO,HAZELWOOD,Turnaround,172251,Midwest
406,HAMILTON ELEM. COMMUNITY ED.,ST LOUIS,MO,ST. LOUIS CITY,Turnaround,363928,Midwest
407,CARUTHERSVILLE MIDDLE,CARUTHERSVILLE,MO,CARUTHERSVILLE 18,Transformation,379564,Midwest
408,R. G. CENTRAL MIDDLE,ST LOUIS,MO,RIVERVIEW GARDENS,Turnaround,199415,Midwest
409,GENESIS SCHOOL INC.,KANSAS CITY,MO,GENESIS SCHOOL INC.,Turnaround,250120,Midwest
410,WALBRIDGE ELEM. COMMUNITY ED.,ST LOUIS,MO,ST. LOUIS CITY,Turnaround,377942,Midwest
411,JENNINGS JR. HIGH,JENNINGS,MO,JENNINGS,Transformation,364226,Midwest
412,LANGSTON MIDDLE,ST LOUIS,MO,ST. LOUIS CITY,Transformation,436579,Midwest
413,HAYTI HIGH,HAYTI,MO,HAYTI R-II,Transformation,10302,Midwest
414,FANNING MIDDLE COMMUNITY ED.,ST LOUIS,MO,ST. LOUIS CITY,Transformation,444175,Midwest
415,CONSTRUCTION CAREERS CENTER,ST LOUIS,MO,CONSTRUCTION CAREERS CENTER,Transformation,533168,Midwest
416,RIVERVIEW GARDENS SR. HIGH,ST LOUIS,MO,RIVERVIEW GARDENS,Turnaround,512669,Midwest
417,B. BANNEKER ACADEMY,KANSAS CITY,MO,B. BANNEKER ACADEMY,Turnaround,912903,Midwest
418,VAN HORN HS AT EAST,KANSAS CITY,MO,KANSAS CITY 33,Transformation,806900,Midwest
419,VASHON HIGH,ST LOUIS,MO,ST. LOUIS CITY,Turnaround,399827,Midwest
420,SMITH-HALE JR. HIGH,KANSAS CITY,MO,HICKMAN MILLS C-1,Transformation,169925,Midwest
421,L'OUVERTURE MIDDLE,ST LOUIS,MO,ST. LOUIS CITY,Transformation,441804,Midwest
422,MCCLUER SOUTH-BERKELEY HIGH,FERGUSON,MO,FERGUSON-FLORISSANT R-II,Transformation,407822,Midwest
423,ASHLAND ELEM. AND BR.,ST LOUIS,MO,ST. LOUIS CITY,Turnaround,353737,Midwest
424,ALTA VISTA CHARTER SCH.,KANSAS CITY,MO,ALTA VISTA CHARTER SCH.,Transformation,256538,Midwest
425,NORMANDY HIGH,ST LOUIS,MO,NORMANDY,Transformation,402089,Midwest
426,NORTHEAST HIGH,KANSAS CITY,MO,KANSAS CITY 33,Transformation,806900,Midwest
427,SIGEL ELEM. COMM. ED. CTR.,ST LOUIS,MO,ST. LOUIS CITY,Turnaround,382436,Midwest
428,ERVIN JR. HIGH,KANSAS CITY,MO,HICKMAN MILLS C-1,Closure,46872,Midwest
429,JEFFERSON ELEM.,ST LOUIS,MO,ST. LOUIS CITY,Transformation,340193,Midwest
430,BERKELEY MIDDLE,BERKELEY,MO,FERGUSON-FLORISSANT R-II,Transformation,307826,Midwest
431,WESTVIEW MIDDLE,ST LOUIS,MO,RIVERVIEW GARDENS,Turnaround,199415,Midwest
432,URBAN COM. LEADERSHIP ACADEMY,KANSAS CITY,MO,URBAN COM. LEADERSHIP ACADEMY,Turnaround,966394,Midwest
433,LEFLORE COUNTY HIGH SCHOOL,ITTA BENA,MS,LEFLORE CO SCHOOL DIST,Transformation,10000,South
434,HAZLEHURST HIGH SCHOOL,HAZLEHURST,MS,HAZLEHURST CITY SCHOOL DISTRICT,Transformation,12061,South
435,WINGFIELD HIGH SCHOOL,JACKSON,MS,JACKSON PUBLIC SCHOOL DIST,Transformation,174731,South
436,W A HIGGINS MIDDLE SCHOOL,CLARKSDALE,MS,CLARKSDALE MUNICIPAL SCHOOL DIST,Transformation,10000,South
437,GENTRY HIGH SCHOOL,INDIANOLA,MS,INDIANOLA SCHOOL DIST,Transformation,129091,South
438,PORT GIBSON HIGH SCHOOL,PORT GIBSON,MS,CLAIBORNE CO SCHOOL DIST,Transformation,10000,South
439,NORTH PANOLA HIGH SCHOOL,SARDIS,MS,NORTH PANOLA SCHOOLS,Transformation,790586,South
440,HAZLEHURST MIDDLE SCHOOL,HAZLEHURST,MS,HAZLEHURST CITY SCHOOL DISTRICT,Transformation,143209,South
441,PLENTY COUPS HIGH SCHOOL,PRYOR,MT,PLENTY COUPS H S,Transformation,380711,West
442,PRYOR 7-8,PRYOR,MT,PRYOR ELEM,Transformation,134368,West
443,FRAZER HIGH SCHOOL,FRAZER,MT,FRAZER H S,Transformation,799203,West
444,PRYOR ELEM SCHOOL,PRYOR,MT,PRYOR ELEM,Transformation,380711,West
445,LAME DEER HIGH SCHOOL,LAME DEER,MT,LAME DEER H S,Transformation,137653,West
446,LODGE GRASS HIGH SCHOOL,LODGE GRASS,MT,LODGE GRASS H S,Transformation,129044,West
447,KENNEDY LEARNING,WINSTON SALEM,NC,FORSYTH COUNTY SCHOOLS,Transformation,504908,South
448,BURKE ALTERNATIVE SCHOOL,MORGANTON,NC,BURKE COUNTY SCHOOLS,Transformation,316901,South
449,LUMBERTON SENIOR HIGH,LUMBERTON,NC,ROBESON COUNTY SCHOOLS,Transformation,10000,South
450,SOUTH CENTRAL HIGH,WINTERVILLE,NC,PITT COUNTY SCHOOLS,Transformation,946400,South
451,WEST MECKLENBURG HIGH,CHARLOTTE,NC,CHARLOTTE-MECKLENBURG SCHOOLS,Transformation,879391,South
452,OAK HILL ELEMENTARY,HIGH POINT,NC,GUILFORD COUNTY SCHOOLS,Turnaround,954735,South
453,BUNCOMBE COMMUNITY-EAST,SWANNANOA,NC,BUNCOMBE COUNTY SCHOOLS,Turnaround,11651,South
454,FAIRMONT HIGH,FAIRMONT,NC,ROBESON COUNTY SCHOOLS,Transformation,903372,South
455,NORTH PITT HIGH,BETHEL,NC,PITT COUNTY SCHOOLS,Transformation,728000,South
456,CATAWBA VALLEY HIGH,HICKORY,NC,HICKORY CITY SCHOOLS,Turnaround,109594,South
457,WARLICK SCHOOL,GASTONIA,NC,GASTON COUNTY SCHOOLS,Turnaround,766415,South
458,DURHAM'S PERFORMANCE LEARNING,DURHAM,NC,DURHAM PUBLIC SCHOOLS,Transformation,883395,South
459,GOLDSBORO HIGH,GOLDSBORO,NC,WAYNE COUNTY PUBLIC SCHOOLS,Transformation,962048,South
460,BRUNSWICK LEARNING CENTER,SOUTHPORT,NC,BRUNSWICK COUNTY SCHOOLS,Transformation,665360,South
461,W L GREENE ALTERNATIVE,NASHVILLE,NC,NASH-ROCKY MOUNT SCHOOLS,Transformation,421116,South
462,FARMVILLE CENTRAL HIGH,FARMVILLE,NC,PITT COUNTY SCHOOLS,Transformation,618800,South
463,SOUTHEAST HALIFAX HIGH,HALIFAX,NC,HALIFAX COUNTY SCHOOLS,Transformation,11709,South
464,PETREE ELEMENTARY,WINSTON-SALEM,NC,FORSYTH COUNTY SCHOOLS,Turnaround,100491,South
466,HENDERSON INDEPENDENT HIGH,SALISBURY,NC,ROWAN-SALISBURY SCHOOLS,Turnaround,816000,South
467,ANSON CHALLENGE ACADEMY,WADESBORO,NC,ANSON COUNTY SCHOOLS,Restart,730689,South
468,E E WADDELL HIGH,CHARLOTTE,NC,CHARLOTTE-MECKLENBURG SCHOOLS,Transformation,693605,South
469,WALKER-SPIVEY,FAYETTEVILLE,NC,CUMBERLAND COUNTY SCHOOLS,Transformation,630752,South
470,ENFIELD MIDDLE,ENFIELD,NC,HALIFAX COUNTY SCHOOLS,Transformation,870080,South
471,MANDAREE HIGH SCHOOL,MANDAREE,ND,MANDAREE 36,Transformation,418574,Midwest
472,SANTEE ELEMENTARY SCHOOL,NIOBRARA,NE,SANTEE COMMUNITY SCHOOLS,Transformation,510953,Midwest
473,CRAWFORD ELEMENTARY SCHOOL,CRAWFORD,NE,CRAWFORD PUBLIC SCHOOLS,Transformation,429450,Midwest
474,MINATARE ELEMENTARY SCHOOL,MINATARE,NE,MINATARE PUBLIC SCHOOLS,Transformation,474603,Midwest
475,WINNEBAGO HIGH SCHOOL,WINNEBAGO,NE,WINNEBAGO PUBLIC SCHOOLS,Transformation,724045,Midwest
476,MADISON ELEMENTARY SCHOOL,MADISON,NE,MADISON PUBLIC SCHOOLS,Transformation,465550,Midwest
477,SANTEE HIGH SCHOOL,NIOBRARA,NE,SANTEE COMMUNITY SCHOOLS,Transformation,542500,Midwest
478,ELLIOTT ELEMENTARY SCHOOL,LINCOLN,NE,LINCOLN PUBLIC SCHOOLS,Transformation,930978,Midwest
479,PITTSFIELD HIGH SCHOOL,PITTSFIELD,NH,PITTSFIELD SCHOOL DISTRICT,Transformation,344358,Northeast
480,NUTE HIGH SCHOOL,MILTON,NH,MILTON SCHOOL DISTRICT,Transformation,421278,Northeast
481,SOUTHSIDE MIDDLE SCHOOL,MANCHESTER,NH,MANCHESTER SCHOOL DISTRICT,Transformation,346179,Northeast
482,NUTE JUNIOR HIGH SCHOOL,MILTON,NH,MILTON SCHOOL DISTRICT,Transformation,337678,Northeast
483,PARKER-VARNEY SCHOOL,MANCHESTER,NH,MANCHESTER SCHOOL DISTRICT,Transformation,444472,Northeast
484,PITTSFIELD MIDDLE SCHOOL,PITTSFIELD,NH,PITTSFIELD SCHOOL DISTRICT,Transformation,344358,Northeast
485,GOSSLER PARK SCHOOL,MANCHESTER,NH,MANCHESTER SCHOOL DISTRICT,Transformation,423281,Northeast
486,ESSEX CTY VOC-WEST CALDW,WEST CALDWELL,NJ,ESSEX COUNTY VOCATIONAL S,Transformation,526481,Northeast
487,DAYTON ST,NEWARK,NJ,NEWARK,Transformation,166069,Northeast
488,RENAISSANCE ACADEMY,NEWARK,NJ,NEWARK,Restart,17529,Northeast
489,U S WIGGINS,CAMDEN,NJ,CAMDEN CITY,Transformation,108077,Northeast
490,MALCOLM X SHABAZZ HIGH,NEWARK,NJ,NEWARK,Turnaround,179302,Northeast
491,FRED W  MARTIN #41,JERSEY CITY,NJ,JERSEY CITY,Turnaround,199968,Northeast
492,CRAMER,CAMDEN,NJ,CAMDEN CITY,Transformation,111495,Northeast
493,TRENTON CENTRAL HIGH,TRENTON,NJ,TRENTON,Transformation,159639,Northeast
494,NEWARK VOCATIONAL H S,NEWARK,NJ,NEWARK,Transformation,136924,Northeast
495,HENRY SNYDER,JERSEY CITY,NJ,JERSEY CITY,Turnaround,199315,Northeast
496,ABRAHAM CLARK HIGH,ROSELLE,NJ,ROSELLE BOROUGH,Transformation,160469,Northeast
497,CENTRAL,NEWARK,NJ,NEWARK,Transformation,193035,Northeast
498,R. SARRACINO MIDDLE,SOCORRO,NM,SOCORRO CONSOLIDATED SCHOOLS,Transformation,975000,West
499,LAGUNA-ACOMA HIGH,NEW LAGUNA,NM,GRANTS-CIBOLA COUNTY SCHOOLS,Transformation,10000,West
500,EL CAMINO REAL ACADEMY,ALBUQUERQUE,NM,ALBUQUERQUE PUBLIC SCHOOLS,Transformation,10000,West
502,CROWNPOINT HIGH,CROWNPOINT,NM,GALLUP-MCKINLEY CTY SCHOOLS,Transformation,10000,West
503,ERNIE PYLE MIDDLE,ALBUQUERQUE,NM,ALBUQUERQUE PUBLIC SCHOOLS,Transformation,10000,West
505,RAMIREZ THOMAS ELEM,SANTA FE,NM,SANTA FE PUBLIC SCHOOLS,Turnaround,10000,West
506,NEWCOMB HIGH,NEWCOMB,NM,CENTRAL CONSOLIDATED SCHOOLS,Transformation,10000,West
508,LYBROOK ELEMENTARY,CUBA,NM,JEMEZ MOUNTAIN PUBLIC SCHOOLS,Transformation,500000,West
509,NASCHITTI ELEMENTARY,SHEEP SPRINGS,NM,CENTRAL CONSOLIDATED SCHOOLS,Transformation,500000,West
511,ECHO LODER ELEMENTARY SCHOOL,RENO,NV,WASHOE COUNTY SCHOOL DISTRICT,Transformation,424326,West
512,RANCHO HIGH SCHOOL,NORTH LAS VEGAS,NV,CLARK COUNTY SCHOOL DISTRICT,Transformation,100202,West
513,WILLIAM O'BRIEN MIDDLE SCHOOL,RENO,NV,WASHOE COUNTY SCHOOL DISTRICT,Transformation,494913,West
514,KIT CARSON ELEMENTARY SCHOOL,LAS VEGAS,NV,CLARK COUNTY SCHOOL DISTRICT,Turnaround,763905,West
515,GLENN DUNCAN ELEMENTARY SCHOOL,RENO,NV,WASHOE COUNTY SCHOOL DISTRICT,Turnaround,505777,West
516,ARCHIE CLAYTON MIDDLE SCHOOL,RENO,NV,WASHOE COUNTY SCHOOL DISTRICT,Transformation,477071,West
517,VETERANS MEMORIAL ELEMENTARY SCHOOL,RENO,NV,WASHOE COUNTY SCHOOL DISTRICT,Transformation,427337,West
518,GEORGE L DILWORTH MIDDLE SCHOOL,SPARKS,NV,WASHOE COUNTY SCHOOL DISTRICT,Transformation,576840,West
519,EAGLE VALLEY MIDDLE SCHOOL,CARSON CITY,NV,CARSON CITY SCHOOL DISTRICT,Transformation,654043,West
520,SMITHRIDGE ELEMENTARY SCHOOL,RENO,NV,WASHOE COUNTY SCHOOL DISTRICT,Turnaround,567154,West
521,SOUTH PARK HIGH SCHOOL,BUFFALO,NY,BUFFALO CITY SCHOOL DISTRICT,Transformation,10000,Northeast
522,WILLIAM E GRADY VOCATIONAL HIGH SCHOOL,BROOKLYN,NY,NEW YORK CITY GEOGRAPHIC DISTRICT #21,Transformation,136581,Northeast
523,LONG ISLAND CITY HIGH SCHOOL,LONG ISLAND CITY,NY,NEW YORK CITY GEOGRAPHIC DISTRICT #30,Transformation,10000,Northeast
524,ROOSEVELT HIGH SCHOOL,YONKERS,NY,YONKERS CITY SCHOOL DISTRICT,Transformation,10000,Northeast
525,Robert Brown High School of Construction and Design,Rochester,NY,Rochester City School District,Turnaround,178685,Northeast
526,BREAD & ROSES INTEGRATED ARTS HIGH SCHOOL,NEW YORK,NY,NEW YORK CITY GEOGRAPHIC DISTRICT # 5,Transformation,850510,Northeast
527,DELAWARE ELEMENTARY SCHOOL,SYRACUSE,NY,SYRACUSE CITY SCHOOL DISTRICT,Transformation,10000,Northeast
528,INTERNATIONAL SCHOOL,BUFFALO,NY,BUFFALO CITY SCHOOL DISTRICT,Transformation,10000,Northeast
529,FRANKLIN D ROOSEVELT HIGH SCHOOL,BROOKLYN,NY,NEW YORK CITY GEOGRAPHIC DISTRICT #20,Transformation,10000,Northeast
530,QUEENS VOCATIONAL AND TECHNICAL HIGH SCHOOL,LONG ISLAND CITY,NY,NEW YORK CITY GEOGRAPHIC DISTRICT #24,Transformation,130051,Northeast
531,EMERSON MIDDLE SCHOOL,YONKERS,NY,YONKERS CITY SCHOOL DISTRICT,Turnaround,10000,Northeast
532,Vanguard Collegiate High School,Rochester,NY,Rochester City School District,Turnaround,122114,Northeast
533,CHELSEA CAREER AND TECHNICAL EDUCATION HIGH SCHOOL,NEW YORK,NY,NEW YORK CITY GEOGRAPHIC DISTRICT # 2,Transformation,959246,Northeast
534,GLOBAL MEDIA ARTS HS AT FRANKLIN,ROCHESTER,NY,ROCHESTER CITY SCHOOL DISTRICT,Turnaround,137761,Northeast
535,"DR MARTIN LUTHER KING, JR MULTICULTURAL INSTITUTE",BUFFALO,NY,BUFFALO CITY SCHOOL DISTRICT,Transformation,188422,Northeast
536,FLUSHING HIGH SCHOOL,FLUSHING,NY,NEW YORK CITY GEOGRAPHIC DISTRICT #25,Transformation,10000,Northeast
537,COBBLE HILL SCHOOL OF AMERICAN STUDIES,BROOKLYN,NY,NEW YORK CITY GEOGRAPHIC DISTRICT #15,Transformation,994888,Northeast
538,HUGHES ELEMENTARY SCHOOL,SYRACUSE,NY,SYRACUSE CITY SCHOOL DISTRICT,Transformation,10000,Northeast
539,UNITY CENTER FOR URBAN TECHNOLOGIES,NEW YORK,NY,NEW YORK CITY GEOGRAPHIC DISTRICT # 2,Transformation,757113,Northeast
540,EAST HIGH SCHOOL,ROCHESTER,NY,ROCHESTER CITY SCHOOL DISTRICT,Transformation,19525,Northeast
541,BENNETT HIGH SCHOOL,BUFFALO,NY,BUFFALO CITY SCHOOL DISTRICT,Transformation,10000,Northeast
542,AUTOMOTIVE HIGH SCHOOL,BROOKLYN,NY,NEW YORK CITY GEOGRAPHIC DISTRICT #14,Transformation,117372,Northeast
543,Rochester STEM High School,Rochester,NY,Rochester City School District,Turnaround,185579,Northeast
544,SCHOOL FOR GLOBAL STUDIES,BROOKLYN,NY,NEW YORK CITY GEOGRAPHIC DISTRICT #15,Transformation,890934,Northeast
545,GEORGE FOWLER HIGH SCHOOL,SYRACUSE,NY,SYRACUSE CITY SCHOOL DISTRICT,Transformation,10000,Northeast
546,WOODLAND HILLS SCHOOL,CLEVELAND,OH,CLEVELAND MUNICIPAL,Turnaround,723790,Midwest
547,CRITTENTON COMMUNITY SCHOOL,COLUMBUS,OH,CRITTENTON COMMUNITY SCHOOL,Transformation,246750,Midwest
548,EAST HIGH SCHOOL,YOUNGSTOWN,OH,YOUNGSTOWN CITY SCHOOLS,Transformation,805793,Midwest
549,FRANKLIN D. ROOSEVELT,CLEVELAND,OH,CLEVELAND MUNICIPAL,Turnaround,725800,Midwest
550,DUNBAR HIGH SCHOOL,DAYTON,OH,DAYTON CITY,Transformation,350537,Midwest
551,GLENVILLE HIGH SCHOOL,CLEVELAND,OH,CLEVELAND MUNICIPAL,Turnaround,691110,Midwest
552,WEST HIGH SCHOOL,COLUMBUS,OH,COLUMBUS CITY,Transformation,948140,Midwest
553,WOODWARD CAREER TECHNICAL HIGH SCHOOL,CINCINNATI,OH,CINCINNATI CITY,Transformation,10000,Midwest
554,CHAMPION MIDDLE SCHOOL,COLUMBUS,OH,COLUMBUS CITY,Transformation,104115,Midwest
555,ROTHENBERG PREPARATORY ACADEMY,CINCINNATI,OH,CINCINNATI CITY,Transformation,949658,Midwest
556,KEIFER ALTERNATIVE CENTER,SPRINGFIELD,OH,SPRINGFIELD CITY,Transformation,10000,Midwest
557,LINCOLN-WEST HIGH SCHOOL,CLEVELAND,OH,CLEVELAND MUNICIPAL,Turnaround,109111,Midwest
558,BELMONT HIGH SCHOOL,DAYTON,OH,DAYTON CITY,Transformation,350537,Midwest
559,EAST TECHNICAL HIGH SCHOOL,CLEVELAND,OH,CLEVELAND MUNICIPAL,Turnaround,109111,Midwest
560,WEINLAND PARK ELEMENTARY SCHOOL,COLUMBUS,OH,COLUMBUS CITY,Transformation,825100,Midwest
561,VIRTUAL HIGH SCHOOL,CINCINNATI,OH,CINCINNATI CITY,Transformation,797726,Midwest
562,BELLEFAIRE,UNIVERSITY HTS,OH,CLEVELAND HEIGHTS-UNIVERSITY HEIGHTS CITY,Transformation,712097,Midwest
563,GEORGE HAYS - JENNIE PORTER,CINCINNATI,OH,CINCINNATI CITY,Transformation,108635,Midwest
564,PATRICK HENRY SCHOOL,CLEVELAND,OH,CLEVELAND MUNICIPAL,Transformation,451750,Midwest
565,PROGRESSIVE ACADEMY,LIMA,OH,LIMA CITY,Transformation,175685,Midwest
566,LUIS MUNOZ MARIN SCHOOL,CLEVELAND,OH,CLEVELAND MUNICIPAL,Transformation,451750,Midwest
567,ALUM CREST HIGH SCHOOL,COLUMBUS,OH,COLUMBUS CITY,Transformation,774900,Midwest
568,COLLINWOOD HIGH SCHOOL,CLEVELAND,OH,CLEVELAND MUNICIPAL,Turnaround,109111,Midwest
569,SOUTHMOOR MIDDLE SCHOOL,COLUMBUS,OH,COLUMBUS CITY,Transformation,10000,Midwest
570,WILLIAM H TAFT ELEMENTARY SCHOOL,CINCINNATI,OH,CINCINNATI CITY,Transformation,100268,Midwest
571,MARTIN LUTHER KING JR CAREER CAMPUS,CLEVELAND,OH,CLEVELAND MUNICIPAL,Transformation,584250,Midwest
572,SCHOLARTS PREPARATORY AND CAREER CENTER FOR CHILDR,COLUMBUS,OH,SCHOLARTS PREPARATORY AND CAREER CENTER FOR CHILDREN,Transformation,500000,Midwest
573,ODYSSEY: SCHOOL OF POSSIBILITIES,YOUNGSTOWN,OH,YOUNGSTOWN CITY SCHOOLS,Transformation,913139,Midwest
574,MARY B MARTIN SCHOOL,CLEVELAND,OH,CLEVELAND MUNICIPAL,Turnaround,723790,Midwest
575,MEADOWDALE HIGH SCHOOL,DAYTON,OH,DAYTON CITY,Transformation,350537,Midwest
576,JOHN F KENNEDY HIGH SCHOOL,CLEVELAND,OH,CLEVELAND MUNICIPAL,Turnaround,109111,Midwest
577,WELCOME CENTER HIGH,COLUMBUS,OH,COLUMBUS CITY,Transformation,10000,Midwest
578,CARL & LOUIS STOKES CENTRAL ACADEMY,CLEVELAND,OH,CLEVELAND MUNICIPAL,Transformation,451750,Midwest
579,LINDEN-MCKINLEY HIGH SCHOOL,COLUMBUS,OH,COLUMBUS CITY,Transformation,14775,Midwest
580,SOUTH AVONDALE ELEMENTARY SCHOOL,CINCINNATI,OH,CINCINNATI CITY,Transformation,994001,Midwest
581,GILCREASE MS,TULSA,OK,TULSA,Transformation,158356,South
582,CLINTON MS,TULSA,OK,TULSA,Transformation,113967,South
583,F.D. MOON ACADEMY,OKLAHOMA CITY,OK,OKLAHOMA CITY,Transformation,152716,South
584,WILL ROGERS HS,TULSA,OK,TULSA,Transformation,117124,South
585,CENTRAL HS,TULSA,OK,TULSA,Transformation,858523,South
586,CRUTCHO PUBLIC SCHOOL,OKLAHOMA CITY,OK,CRUTCHO,Transformation,973201,South
587,NATHAN HALE HS,TULSA,OK,TULSA,Transformation,103708,South
588,DOUGLASS MS,OKLAHOMA CITY,OK,OKLAHOMA CITY,Transformation,11395,South
589,EAST CENTRAL HS,TULSA,OK,TULSA,Transformation,107752,South
590,U. S. GRANT HS,OKC,OK,OKLAHOMA CITY,Turnaround,173743,South
591,SPANISH-ENGLISH INTERNATIONAL SCHOOL,PORTLAND,OR,PORTLAND SD 1J,Transformation,766667,West
592,ONTARIO HIGH SCHOOL,ONTARIO,OR,ONTARIO SD 8C,Transformation,11704,West
593,HALLMAN ELEMENTARY SCHOOL,SALEM,OR,SALEM-KEIZER SD 24J,Transformation,950000,West
594,EAGLERIDGE HIGH SCHOOL,KLAMATH FALLS,OR,KLAMATH FALLS CITY SCHOOLS,Transformation,617966,West
595,MCKAY HIGH SCHOOL,SALEM,OR,SALEM-KEIZER SD 24J,Transformation,19015,West
596,"ARTS, COMMUNICATION & TECHNOLOGY SCHOOL",PORTLAND,OR,PORTLAND SD 1J,Transformation,766667,West
597,MADRAS HIGH SCHOOL,MADRAS,OR,JEFFERSON COUNTY SD 509J,Transformation,118595,West
598,ROBERTS HIGH SCHOOL,SALEM,OR,SALEM-KEIZER SD 24J,Transformation,616667,West
599,PURSUIT OF WELLNESS EDUCATION AT ROOSEVELT CAMPUS,PORTLAND,OR,PORTLAND SD 1J,Transformation,119072,West
600,OREGON CITY SERVICE LEARNING ACADEMY,OREGON CITY,OR,OREGON CITY SD 62,Transformation,441740,West
601,MARSHALL HIGH SCHOOL,BEND,OR,BEND-LAPINE ADMINISTRATIVE SD 1,Transformation,747268,West
602,EARLY COLLEGE HIGH SCHOOL,SALEM,OR,SALEM-KEIZER SD 24J,Transformation,616667,West
603,SAYRE WILLIAM L MS,PHILADELPHIA,PA,PHILADELPHIA CITY SD,Transformation,737032,Northeast
604,CENTRAL DAUPHIN EAST SHS,HARRISBURG,PA,CENTRAL DAUPHIN SD,Transformation,699963,Northeast
605,KING MARTIN LUTHER HS,PHILADELPHIA,PA,PHILADELPHIA CITY SD,Transformation,786964,Northeast
606,DOUGLAS STEPHEN A SCH,PHILADELPHIA,PA,PHILADELPHIA CITY SD,Restart,319320,Northeast
607,PARK LANE EL SCH,DARBY,PA,WILLIAM PENN SD,Transformation,283200,Northeast
608,FRANCIS D RAUB MS,ALLENTOWN,PA,ALLENTOWN CITY SD,Transformation,500000,Northeast
609,LOCKE ALAIN SCH,PHILADELPHIA,PA,PHILADELPHIA CITY SD,Transformation,390938,Northeast
610,ALCORN JAMES SCH,PHILADELPHIA,PA,PHILADELPHIA CITY SD,Transformation,338726,Northeast
611,STEELTON-HIGHSPIRE HS,STEELTON,PA,STEELTON-HIGHSPIRE SD,Turnaround,280500,Northeast
612,PERSEUS HOUSE CS OF EXCELLENCE,ERIE,PA,PERSEUS HOUSE CS OF EXCELLENCE,Transformation,686000,Northeast
613,GERMANTOWN HS,PHILADELPHIA,PA,PHILADELPHIA CITY SD,Transformation,798792,Northeast
614,MOUNT UNION AREA SHS,MOUNT UNION,PA,MOUNT UNION AREA SD,Transformation,848867,Northeast
615,ROONEY ARTHUR J MS,PITTSBURGH,PA,PITTSBURGH SD,Closure,208773,Northeast
616,ROXBOROUGH HS,PHILADELPHIA,PA,PHILADELPHIA CITY SD,Transformation,641440,Northeast
617,HAND MS,LANCASTER,PA,LANCASTER SD,Turnaround,551611,Northeast
618,LANGLEY HS,PITTSBURGH,PA,PITTSBURGH SD,Transformation,312714,Northeast
619,TREXLER MS,ALLENTOWN,PA,ALLENTOWN CITY SD,Transformation,250000,Northeast
620,UNIVERSITY CITY HS,PHILADELPHIA,PA,PHILADELPHIA CITY SD,Turnaround,923999,Northeast
621,SMEDLEY FRANKLIN SCH,PHILADELPHIA,PA,PHILADELPHIA CITY SD,Restart,362773,Northeast
622,PENN WOOD HS - GREEN AVE CAMPUS,LANSDOWNE,PA,WILLIAM PENN SD,Transformation,626150,Northeast
623,HARRISON-MORTON MS,ALLENTOWN,PA,ALLENTOWN CITY SD,Transformation,350000,Northeast
624,WEST PHILADELPHIA HS,PHILADELPHIA,PA,PHILADELPHIA CITY SD,Transformation,671142,Northeast
625,HARRITY WILLIAM F SCH,PHILADELPHIA,PA,PHILADELPHIA CITY SD,Restart,980283,Northeast
626,ACADEMY PARK HS,SHARON HILL,PA,SOUTHEAST DELCO SD,Transformation,958375,Northeast
627,WEST PHILA. ACHIEVEMENT CES,PHILADELPHIA,PA,WEST PHILA. ACHIEVEMENT CES,Transformation,318875,Northeast
628,FRANKFORD HS,PHILADELPHIA,PA,PHILADELPHIA CITY SD,Transformation,792001,Northeast
629,MCKEESPORT AREA SHS,MC KEESPORT,PA,MCKEESPORT AREA SD,Transformation,10000,Northeast
630,OLIVER HS,PITTSBURGH,PA,PITTSBURGH SD,Transformation,542588,Northeast
631,VAUX ROBERTS HS,PHILADELPHIA,PA,PHILADELPHIA CITY SD,Turnaround,466665,Northeast
632,CAREER TECHNOLOGY ACADEMY,HARRISBURG,PA,HARRISBURG CITY SD,Closure,300000,Northeast
633,CLEMENTE ROBERTO MS,PHILADELPHIA,PA,PHILADELPHIA CITY SD,Turnaround,333327,Northeast
634,FELS SAMUEL HS,PHILADELPHIA,PA,PHILADELPHIA CITY SD,Transformation,974132,Northeast
635,LOUIS E DIERUFF HS,ALLENTOWN,PA,ALLENTOWN CITY SD,Transformation,500000,Northeast
636,ALLEN DR ETHEL SCH,PHILADELPHIA,PA,PHILADELPHIA CITY SD,Turnaround,247020,Northeast
637,FELTONVILLE INTERMEDIATE SCHOOL,PHILADELPHIA,PA,PHILADELPHIA CITY SD,Transformation,244855,Northeast
638,PENN WOOD MS,DARBY,PA,WILLIAM PENN SD,Transformation,287500,Northeast
639,CENTRAL EL SCH,ALLENTOWN,PA,ALLENTOWN CITY SD,Transformation,650000,Northeast
640,SOUTH PHILADELPHIA HS,PHILADELPHIA,PA,PHILADELPHIA CITY SD,Transformation,579958,Northeast
641,OLNEY HS WEST,PHILADELPHIA,PA,PHILADELPHIA CITY SD,Transformation,272245,Northeast
642,BRASHEAR HS,PITTSBURGH,PA,PITTSBURGH SD,Transformation,267754,Northeast
643,EDISON HS/FAREIRA SKILLS,PHILADELPHIA,PA,PHILADELPHIA CITY SD,Transformation,10000,Northeast
644,MCCASKEY CAMPUS,LANCASTER,PA,LANCASTER SD,Transformation,616432,Northeast
645,WESTINGHOUSE HS,PITTSBURGH,PA,PITTSBURGH SD,Transformation,606437,Northeast
646,STETSON JOHN B MS,PHILADELPHIA,PA,PHILADELPHIA CITY SD,Restart,888708,Northeast
647,DUQUESNE CONSOLIDATED SCH,DUQUESNE,PA,DUQUESNE CITY SD,Transformation,523313,Northeast
648,DAROFF SAMUEL SCH,PHILADELPHIA,PA,PHILADELPHIA CITY SD,Restart,658247,Northeast
649,BLUFORD GUION EL SCH,PHILADELPHIA,PA,PHILADELPHIA CITY SD,Restart,907129,Northeast
650,WILLIAM ALLEN HS,ALLENTOWN,PA,ALLENTOWN CITY SD,Transformation,350000,Northeast
651,CLYMER GEORGE SCH,PHILADELPHIA,PA,PHILADELPHIA CITY SD,Transformation,392068,Northeast
652,MANN WILLIAM B SCH,PHILADELPHIA,PA,PHILADELPHIA CITY SD,Restart,794021,Northeast
653,TURKEYFOOT VALLEY AREA JSHS,CONFLUENCE,PA,TURKEYFOOT VALLEY AREA SD,Transformation,286500,Northeast
654,PHILADELPHIA MONTESSORI CS,PHILADELPHIA,PA,PHILADELPHIA MONTESSORI CS,Transformation,305763,Northeast
655,GRATZ SIMON HS,PHILADELPHIA,PA,PHILADELPHIA CITY SD,Transformation,508486,Northeast
656,PENN HILLS SHS,PITTSBURGH,PA,PENN HILLS SD,Transformation,109958,Northeast
657,KING M L EL SCH,PITTSBURGH,PA,PITTSBURGH SD,Transformation,234233,Northeast
658,LINCOLN HS,PHILADELPHIA,PA,PHILADELPHIA CITY SD,Transformation,10000,Northeast
659,PERRY TRADITIONAL ACADEMY,PITTSBURGH,PA,PITTSBURGH SD,Transformation,320412,Northeast
660,REYNOLDS MS,LANCASTER,PA,LANCASTER SD,Transformation,531891,Northeast
667,RIDGELAND MIDDLE,RIDGELAND,SC,JASPER 01,Transformation,573338,South
668,J V MARTIN JR HIGH,DILLON,SC,DILLON 02,Transformation,908486,South
669,DENMARK-OLAR MIDDLE,DENMARK,SC,BAMBERG 02,Transformation,571626,South
670,KINGSTREE JR HIGH,KINGSTREE,SC,WILLIAMSBURG 01,Transformation,639839,South
671,EAU CLAIRE HIGH,COLUMBIA,SC,RICHLAND 01,Transformation,717125,South
672,ESTILL HIGH,ESTILL,SC,HAMPTON 02,Transformation,502925,South
673,MANNING JUNIOR HIGH,MANNING,SC,CLARENDON 02,Transformation,672451,South
674,DENMARK OLAR HIGH,DENMARK,SC,BAMBERG 02,Transformation,571626,South
675,WHITLOCK JR HIGH,SPARTANBURG,SC,SPARTANBURG 07,Closure,254323,South
676,WEST LEE ELEM,REMBERT,SC,LEE 01,Transformation,698507,South
677,ESTILL MIDDLE,ESTILL,SC,HAMPTON 02,Transformation,503608,South
678,N CHARLESTON HIGH,NORTH CHARLESTON,SC,CHARLESTON 01,Transformation,756937,South
679,ALLENDALE-FAIRFAX MIDDLE,FAIRFAX,SC,ALLENDALE 01,Transformation,449430,South
680,CARVER JR HIGH,SPARTANBURG,SC,SPARTANBURG 07,Transformation,126267,South
681,HARDEEVILLE MIDDLE/HIGH,HARDEEVILLE,SC,JASPER 01,Transformation,579145,South
682,CAROLINA HIGH,GREENVILLE,SC,GREENVILLE 01,Transformation,905959,South
683,MORNINGSIDE MIDDLE,NORTH CHARLESTON,SC,CHARLESTON 01,Transformation,712019,South
684,FAIRFAX ELEM,FAIRFAX,SC,ALLENDALE 01,Transformation,411971,South
685,C A JOHNSON PREPATORY ACAD,COLUMBIA,SC,RICHLAND 01,Transformation,717125,South
687,FAMILY IMMERSION CENTER MIDDLE - 53,SIOUX FALLS,SD,SIOUX FALLS SCHOOL DISTRICT 49-5,Turnaround,168131,Midwest
688,NEW UNDERWOOD HIGH SCHOOL - 01,NEW UNDERWOOD,SD,NEW UNDERWOOD SCHOOL DISTRICT 51-3,Transformation,362759,Midwest
689,NORTHSIDE HIGH SCHOOL,MEMPHIS,TN,MEMPHIS CITY SCHOOL DISTRICT,Turnaround,267249,South
690,HAMILTON HIGH SCHOOL,MEMPHIS,TN,MEMPHIS CITY SCHOOL DISTRICT,Transformation,274487,South
691,HOWARD ACADEMY OF ACADEMICS TECHNOLOGY,CHATTANOOGA,TN,HAMILTON COUNTY SCHOOL DISTRCT,Turnaround,629999,South
692,TREZEVANT HIGH SCHOOL,MEMPHIS,TN,MEMPHIS CITY SCHOOL DISTRICT,Transformation,306934,South
693,FRAYSER MIDDLE/ HIGH SCHOOL,MEMPHIS,TN,MEMPHIS CITY SCHOOL DISTRICT,Transformation,248250,South
694,HIXSON HIGH SCHOOL,HIXSON,TN,HAMILTON COUNTY SCHOOL DISTRCT,Transformation,620296,South
695,SHEFFIELD HIGH SCHOOL,MEMPHIS,TN,MEMPHIS CITY SCHOOL DISTRICT,Turnaround,376370,South
696,MANASSAS HIGH SCHOOL,MEMPHIS,TN,MEMPHIS CITY SCHOOL DISTRICT,Turnaround,269863,South
697,MOUNT PLEASANT HIGH SCHOOL,MT PLEASANT,TN,MAURY COUNTY SCHOOL DISTRICT,Transformation,736026,South
698,RALEIGH EGYPT MIDDLE SCHOOL,MEMPHIS,TN,MEMPHIS CITY SCHOOL DISTRICT,Turnaround,103092,South
699,KINGSBURY MIDDLE/HIGH SCHOOL,MEMPHIS,TN,MEMPHIS CITY SCHOOL DISTRICT,Transformation,259513,South
700,AUSTIN EAST HIGH/MAGNET SCHOOL,KNOXVILLE,TN,KNOX COUNTY SCHOOL DISTRICT,Turnaround,905629,South
749,ODYSSEY ELEMENTARY,OGDEN,UT,OGDEN DISTRICT,Transformation,549444,West
750,BLUFF SCHOOL,BLUFF,UT,SAN JUAN DISTRICT,Transformation,278779,West
751,JAMES MADISON ELEMENTARY,OGDEN,UT,OGDEN DISTRICT,Transformation,549444,West
752,NORTHWEST MIDDLE,SALT LAKE CITY,UT,SALT LAKE DISTRICT,Transformation,806790,West
753,DEE SCHOOL,OGDEN,UT,OGDEN DISTRICT,Transformation,549444,West
754,GLENDALE MIDDLE,SALT LAKE CITY,UT,SALT LAKE DISTRICT,Transformation,806790,West
755,GRANGER HIGH,WEST VALLEY CITY,UT,GRANITE DISTRICT,Transformation,710934,West
756,FRED D. THOMPSON MIDDLE,RICHMOND,VA,RICHMOND CITY PBLC SCHS,Transformation,501500,South
757,LAKE TAYLOR MIDDLE,NORFOLK,VA,NORFOLK CITY PBLC SCHS,Transformation,135251,South
758,FRIES MIDDLE,FRIES,VA,GRAYSON CO PBLC SCHS,Transformation,500000,South
759,T.C. WILLIAMS HIGH,ALEXANDRIA,VA,ALEXANDRIA CITY PBLC SCHS,Transformation,10000,South
760,WESTSIDE ELEM.,ROANOKE,VA,ROANOKE CITY PBLC SCHS,Transformation,580100,South
761,PRINCE EDWARD COUNTY HIGH,FARMVILLE,VA,PRINCE EDWARD CO PBLC SCHS,Transformation,499586,South
762,CENTRAL HIGH,KING AND QUEEN C H,VA,KING AND QUEEN CO PBLC SCHS,Transformation,685661,South
763,LANGSTON FOCUS SCHOOL,DANVILLE,VA,DANVILLE CITY PBLC SCHS,Restart,946198,South
764,ARMSTRONG HIGH,RICHMOND,VA,RICHMOND CITY PBLC SCHS,Restart,859600,South
765,PEABODY MIDDLE,PETERSBURG,VA,PETERSBURG CITY PBLC SCHS,Transformation,460723,South
766,NEW BRIDGE SCHOOL,RICHMOND,VA,HENRICO CO PBLC SCHS,Closure,50000,South
767,COLONIAL BEACH HIGH,COLONIAL BEACH,VA,COLONIAL BEACH PBLC SCHS,Transformation,571500,South
768,ELLEN W. CHAMBLISS ELEM.,WAKEFIELD,VA,SUSSEX CO PBLC SCHS,Restart,400000,South
769,THOMAS C. BOUSHALL MIDDLE,RICHMOND,VA,RICHMOND CITY PBLC SCHS,Restart,613340,South
770,RUFFNER MIDDLE,NORFOLK,VA,NORFOLK CITY PBLC SCHS,Transformation,135542,South
771,VA. RANDOLPH COMM. HIGH,GLEN ALLEN,VA,HENRICO CO PBLC SCHS,Closure,50000,South
772,JAMES S. RUSSELL MIDDLE,LAWRENCEVILLE,VA,BRUNSWICK CO PBLC SCHS,Transformation,490820,South
773,SUSSEX CENTRAL MIDDLE,SUSSEX,VA,SUSSEX CO PBLC SCHS,Restart,529167,South
774,MOUNT ABRAHAM UHSD #28,BRISTOL,VT,MOUNT ABRAHAM UHSD #28,Transformation,230110,Northeast
775,NORTHFIELD ELEMENTARY SCHOOL,NORTHFIELD,VT,NORTHFIELD SCHOOL DISTRICT,Transformation,215600,Northeast
776,H. O. WHEELER SCHOOL,BURLINGTON,VT,BURLINGTON SCHOOL DISTRICT,Transformation,368200,Northeast
777,LAMOILLE UHSD #18,HYDE PARK,VT,LAMOILLE UHSD #18,Transformation,242458,Northeast
778,WINOOSKI HIGH SCHOOL,WINOOSKI,VT,WINOOSKI SCHOOL DISTRICT,Transformation,166477,Northeast
779,ST. JOHNSBURY SCHOOL,ST JOHNSBURY,VT,SAINT JOHNSBURY SCHOOL DISTRICT,Transformation,380045,Northeast
780,JOHNSON ELEMENTARY SCHOOL,JOHNSON,VT,JOHNSON SCHOOL DISTRICT,Transformation,192559,Northeast
781,WINDSOR HIGH SCHOOL,WINDSOR,VT,WINDSOR SCHOOL DISTRICT,Transformation,257889,Northeast
782,RUTLAND SENIOR HIGH SCHOOL,RUTLAND,VT,RUTLAND CITY SCHOOL DISTRICT,Transformation,382364,Northeast
783,FAIR HAVEN UHSD #16,FAIR HAVEN,VT,FAIR HAVEN UHSD #16,Transformation,314781,Northeast
784,STEWART,TACOMA,WA,TACOMA SCHOOL DISTRICT,Turnaround,152512,West
785,SUNNYSIDE HIGH SCHOOL,SUNNYSIDE,WA,SUNNYSIDE SCHOOL DISTRICT,Transformation,162541,West
786,TULALIP ELEMENTARY,MARYSVILLE,WA,MARYSVILLE SCHOOL DISTRICT,Turnaround,734480,West
787,CASCADE MIDDLE SCHOOL,SEATTLE,WA,HIGHLINE SCHOOL DISTRICT,Transformation,730000,West
788,ADAMS ELEMENTARY SCHOOL,YAKIMA,WA,YAKIMA SCHOOL DISTRICT,Transformation,116293,West
789,HAWTHORNE ELEMENTARY SCHOOL,SEATTLE,WA,SEATTLE PUBLIC SCHOOLS,Transformation,533531,West
790,MARYSVILLE MIDDLE SCHOOL,MARYSVILLE,WA,MARYSVILLE SCHOOL DISTRICT,Transformation,109526,West
791,GRANDVIEW MIDDLE SCHOOL,GRANDVIEW,WA,GRANDVIEW SCHOOL DISTRICT,Transformation,10000,West
792,WELLPINIT ELEMENTARY SCHOOL,WELLPINIT,WA,WELLPINIT SCHOOL DISTRICT,Transformation,178996,West
793,JASON LEE,TACOMA,WA,TACOMA SCHOOL DISTRICT,Transformation,100573,West
794,HIGH POINT ELEMENTARY SCHOOL,SEATTLE,WA,SEATTLE PUBLIC SCHOOLS,Transformation,452925,West
795,MONTICELLO MIDDLE SCHOOL,LONGVIEW,WA,LONGVIEW SCHOOL DISTRICT,Transformation,515546,West
796,STANTON ALTERNATIVE SCHOOL,YAKIMA,WA,YAKIMA SCHOOL DISTRICT,Transformation,945312,West
797,ANGELO GIAUDRONE MIDDLE SCHOOL,TACOMA,WA,TACOMA SCHOOL DISTRICT,Turnaround,138656,West
798,HUNT,TACOMA,WA,TACOMA SCHOOL DISTRICT,Closure,95320,West
799,CLEVELAND HIGH SCHOOL,SEATTLE,WA,SEATTLE PUBLIC SCHOOLS,Transformation,756677,West
800,CHINOOK MIDDLE SCHOOL,SEATAC,WA,HIGHLINE SCHOOL DISTRICT,Transformation,730000,West
801,WASHINGTON MIDDLE SCHOOL,YAKIMA,WA,YAKIMA SCHOOL DISTRICT,Transformation,115268,West
802,FOSTER & WILLIAMS HIGH SCHOOL OF THE VISUAL ARTS,MILWAUKEE,WI,MILWAUKEE SCHOOL DISTRICT,Closure,10000,Midwest
803,DUBOIS HIGH,MILWAUKEE,WI,MILWAUKEE SCHOOL DISTRICT,Closure,10000,Midwest
804,CUSTER HIGH,MILWAUKEE,WI,MILWAUKEE SCHOOL DISTRICT,Restart,650093,Midwest
805,JAMES MADISON ACADEMIC CAMPUS,MILWAUKEE,WI,MILWAUKEE SCHOOL DISTRICT,Transformation,749320,Midwest
806,VINCENT HIGH,MILWAUKEE,WI,MILWAUKEE SCHOOL DISTRICT,Transformation,928024,Midwest
807,BAY VIEW HIGH,MILWAUKEE,WI,MILWAUKEE SCHOOL DISTRICT,Transformation,134909,Midwest
808,DOWNTOWN INSTITUTE OF ARTS & LETTERS (DIAL),MILWAUKEE,WI,MILWAUKEE SCHOOL DISTRICT,Closure,10000,Midwest
809,SOUTH DIVISION HIGH,MILWAUKEE,WI,MILWAUKEE SCHOOL DISTRICT,Transformation,124643,Midwest
810,MILWAUKEE AFRICAN AMERICAN IMMERSION HIGH,MILWAUKEE,WI,MILWAUKEE SCHOOL DISTRICT,Restart,567905,Midwest
811,WHS LAW EDUCATION & PUBLIC SERVICE,MILWAUKEE,WI,MILWAUKEE SCHOOL DISTRICT,Closure,10000,Midwest
812,BRADLEY TECHNOLOGY HIGH,MILWAUKEE,WI,MILWAUKEE SCHOOL DISTRICT,Transformation,10000,Midwest
813,HAMLIN PK-8,HAMLIN,WV,LINCOLN COUNTY SCHOOLS,Transformation,258600,South
814,RIVERSIDE HIGH SCHOOL,BELLE,WV,KANAWHA COUNTY SCHOOLS,Transformation,481900,South
815,DODDRIDGE COUNTY ELEMENTARY SCHOOL,WEST UNION,WV,DODDRIDGE COUNTY SCHOOLS,Transformation,464200,South
816,MOUNT VIEW HIGH SCHOOL,WELCH,WV,MCDOWELL COUNTY SCHOOLS,Transformation,450000,South
817,WEST HAMLIN ELEMENTARY,WEST HAMLIN,WV,LINCOLN COUNTY SCHOOLS,Transformation,156660,South
818,MALDEN ELEMENTARY SCHOOL,CHARLESTON,WV,KANAWHA COUNTY SCHOOLS,Transformation,217598,South
819,MARTINSBURG NORTH MIDDLE SCHOOL,MARTINSBURG,WV,BERKELEY COUNTY SCHOOLS,Transformation,461690,South
820,SANDY RIVER MIDDLE SCHOOL,AVONDALE,WV,MCDOWELL COUNTY SCHOOLS,Transformation,370000,South
821,STONEWALL JACKSON MIDDLE SCHOOL,CHARLESTON,WV,KANAWHA COUNTY SCHOOLS,Transformation,241211,South
822,EAST BANK MIDDLE SCHOOL,EAST BANK,WV,KANAWHA COUNTY SCHOOLS,Transformation,314618,South
823,FRANKLIN ELEMENTARY CENTER,PARKERSBURG,WV,WOOD COUNTY SCHOOLS,Transformation,389906,South
824,GUYAN VALLEY MIDDLE,BRANCHLAND,WV,LINCOLN COUNTY SCHOOLS,Transformation,341250,South
825,CEDAR GROVE MIDDLE SCHOOL,CEDAR GROVE,WV,KANAWHA COUNTY SCHOOLS,Transformation,211271,South
826,MOUNT HOPE HIGH SCHOOL,MOUNT HOPE,WV,FAYETTE COUNTY SCHOOLS,Transformation,342189,South
827,GEARY ELEMENTARY SCHOOL,LEFT HAND,WV,ROANE COUNTY SCHOOLS,Transformation,260000,South
828,TRIUMPH HIGH SCHOOL,CHEYENNE,WY,LARAMIE COUNTY SCHOOL DISTRICT #1,Transformation,297300,West
829,HEM JUNIOR/SENIOR HIGH SCHOOL,HANNA,WY,CARBON COUNTY SCHOOL DISTRICT #2,Transformation,274000,West
830,ROOSEVELT HIGH SCHOOL,CASPER,WY,NATRONA COUNTY SCHOOL DISTRICT #1,Transformation,431382,West